"id","v","j","sequence","count"
0,"TRBV31","TRBJ2-1","CAWSRQGAYIAEQFF",15
1,"TRBV4","TRBJ2-2","CASSPDWGTPNTGQLYF",3
2,"TRBV13-1","TRBJ2-5","CASSPRGRDTQYF",3
3,"TRBV13-2","TRBJ2-1","CASGERLGTYAEQFF",3
4,"TRBV29","TRBJ1-5","CASSSGREGYNNQAPLF",3
5,"TRBV13-1","TRBJ2-7","CASSPGTRKQYF",5
6,"TRBV1","TRBJ1-1","CTCSANRAANTEVFF",3
7,"TRBV13-3","TRBJ2-7","CASRVPGQGRTYEQYF",3
8,"TRBV5","TRBJ2-1","CASSLGDNYAEQFF",8
9,"TRBV4","TRBJ1-3","CASSFRAGNTLYF",6
10,"TRBV13-3","TRBJ2-3","CASSVGQGIAETLYF",3
11,"TRBV29","TRBJ2-7","CASSPQGGEQYF",6
12,"TRBV13-2","TRBJ2-7","CASGDSGYEQYF",6
13,"TRBV16","TRBJ2-1","CASSSHNYAEQFF",4
14,"TRBV13-2","TRBJ2-1","CASGGLGENYAEQFF",8
15,"TRBV13-3","TRBJ2-3","CASSAWTGDAETLYF",15
16,"TRBV31","TRBJ1-2","CAWSSSDRNSDYTF",6
17,"TRBV13-2","TRBJ1-5","CASGDARGANQAPLF",3
18,"TRBV20","TRBJ2-7","CGAREGPRSSYEQYF",6
19,"TRBV16","TRBJ1-3","CASSLEISGNTLYF",4
20,"TRBV29","TRBJ2-5","CASSPRDKKDTQYF",3
21,"TRBV15","TRBJ2-4","CASSAGRQNTLYF",4
22,"TRBV15","TRBJ2-2","CASSLLGQNTEQLYF",4
23,"TRBV13-2","TRBJ2-7","CASGETGGSYEQYF",3
24,"TRBV16","TRBJ1-1","CASSLDRGGNTEVFF",3
25,"TRBV13-1","TRBJ2-4","CASSDPQGRGQNTLYF",33
26,"TRBV5","TRBJ2-1","CASSRDREAEQFF",9
27,"TRBV13-3","TRBJ1-2","CASSPDRDSDYTF",3
28,"TRBV31","TRBJ1-1","CAWGRHGTNTEVFF",11
29,"TRBV13-2","TRBJ1-3","CASGGRTGVGNTLYF",4
30,"TRBV13-1","TRBJ1-1","CASSESITEVFF",4
31,"TRBV13-1","TRBJ2-5","CASSAQGDTQYF",4
32,"TRBV3","TRBJ2-5","CASSLRDQDTQYF",3
33,"TRBV31","TRBJ1-2","CAWSLGGANSDYTF",3
34,"TRBV13-2","TRBJ2-7","CASGDAAPGEQYF",44
35,"TRBV31","TRBJ1-2","CAWSLSTNSDYTF",7
36,"TRBV13-1","TRBJ2-3","CASSGGTNSAETLYF",3
37,"TRBV5","TRBJ2-7","CASSQDAGRSSYEQYF",7
38,"TRBV12-1","TRBJ1-1","CASSLHIANTEVFF",21
39,"TRBV13-3","TRBJ2-7","CASSDEETGGREQYF",26
40,"TRBV13-3","TRBJ2-5","CASSDWVNQDTQYF",22
41,"TRBV3","TRBJ2-7","CASSPDWGASYEQYF",3
42,"TRBV14","TRBJ1-6","CASSRRDKNSPLYF",3
43,"TRBV13-2","TRBJ2-3","CASGLGSAETLYF",7
44,"TRBV1","TRBJ2-7","CTCSAKVGDEQYF",3
45,"TRBV31","TRBJ1-6","CAWSLKGGNSPLYF",3
46,"TRBV4","TRBJ2-5","CASSFDWENQDTQYF",4
47,"TRBV13-2","TRBJ1-2","CASGDPRQTNSDYTF",4
48,"TRBV17","TRBJ2-7","CASSSGSSYEQYF",3
49,"TRBV5","TRBJ2-7","CASSQLGYSYEQYF",3
50,"TRBV13-2","TRBJ2-5","CASGDRGTQYF",4
51,"TRBV29","TRBJ2-5","CASSLGTANQDTQYF",3
52,"TRBV13-3","TRBJ2-2","CASSDSGGNTGQLYF",15
53,"TRBV13-1","TRBJ2-4","CASSEGGGQNTLYF",5
54,"TRBV14","TRBJ2-5","CASSGTGKDTQYF",9
55,"TRBV13-3","TRBJ2-7","CASSDAQEEYF",3
56,"TRBV31","TRBJ2-3","CAWSLPLGEGAETLYF",39
57,"TRBV13-1","TRBJ2-4","CASSDKQNTLYF",3
58,"TRBV13-3","TRBJ2-7","CASRETTSYEQYF",6
59,"TRBV31","TRBJ2-7","CAWSPGLGSEQYF",3
60,"TRBV13-2","TRBJ1-5","CASGDRGGQAPLF",18
61,"TRBV13-2","TRBJ2-7","CASGGTGGVTYEQYF",4
62,"TRBV13-3","TRBJ1-4","CASSDAGVSNERLFF",38
63,"TRBV13-2","TRBJ2-1","CASGGGLGGYAEQFF",3
64,"TRBV14","TRBJ2-1","CASSFGQGGYAEQFF",14
65,"TRBV5","TRBJ2-7","CASSQDFGTGSYEQYF",52
66,"TRBV13-2","TRBJ2-2","CASGGWGSNTGQLYF",5
67,"TRBV20","TRBJ2-4","CGARDRDRGGQNTLYF",8
68,"TRBV13-2","TRBJ2-3","CASGGSVAETLYF",3
69,"TRBV1","TRBJ1-2","CTCSASVANSDYTF",4
70,"TRBV5","TRBJ2-7","CASSPRTLYEQYF",3
71,"TRBV13-1","TRBJ2-4","CASSDAGRMSQNTLYF",3
72,"TRBV13-3","TRBJ1-4","CASRPGQSGERLFF",19
73,"TRBV5","TRBJ1-6","CASSPDRDNSPLYF",11
74,"TRBV12-1","TRBJ2-1","CASSPGLGGTYAEQFF",11
75,"TRBV4","TRBJ1-6","CASSPTGGYNSPLYF",36
76,"TRBV14","TRBJ2-4","CASSRLGGENTLYF",5
77,"TRBV30","TRBJ1-1","CSSRGPTEEVFF",5
78,"TRBV29","TRBJ2-4","CASSLGQNTLYF",3
79,"TRBV13-2","TRBJ2-4","CASGDAWGGSQNTLYF",6
80,"TRBV1","TRBJ2-7","CTCSAVGGRSYEQYF",5
81,"TRBV13-1","TRBJ2-7","CASSDLGGVSYEQYF",3
82,"TRBV15","TRBJ2-7","CASSLGLSYEQYF",23
83,"TRBV13-3","TRBJ2-2","CASSEGGNTGQLYF",47
84,"TRBV17","TRBJ2-2","CASSRRVDTGQLYF",31
85,"TRBV29","TRBJ1-5","CASGQSGQNNNQAPLF",14
86,"TRBV15","TRBJ1-1","CASTAGSNTEVFF",3
87,"TRBV13-3","TRBJ1-4","CASSDAEKGAPNERLFF",3
88,"TRBV31","TRBJ1-1","CAWSLTGTTEVFF",7
89,"TRBV13-2","TRBJ2-4","CASGGGFQNTLYF",3
90,"TRBV16","TRBJ2-7","CASSFDKSYEQYF",7
91,"TRBV19","TRBJ2-7","CASSIGLGGREQYF",7
92,"TRBV13-1","TRBJ1-1","CASSDEGDRGHTEVFF",6
93,"TRBV13-2","TRBJ2-5","CASGEKDTQYF",4
94,"TRBV13-3","TRBJ2-7","CASSRDWGYEQYF",37
95,"TRBV15","TRBJ2-4","CASSKGQGGNTLYF",6
96,"TRBV13-2","TRBJ2-1","CASGAAGYAEQFF",5
97,"TRBV13-3","TRBJ2-2","CASSDDWGGANTGQLYF",4
98,"TRBV13-1","TRBJ1-1","CASSDASEVFF",4
99,"TRBV14","TRBJ1-1","CASSFPRLEVFF",5
100,"TRBV13-3","TRBJ2-5","CASRNAGAQDTQYF",5
101,"TRBV13-2","TRBJ1-5","CASGDRREGAPLF",3
102,"TRBV17","TRBJ2-3","CASSRDSAETLYF",17
103,"TRBV13-2","TRBJ2-7","CASAWGRGEQYF",3
104,"TRBV13-1","TRBJ2-1","CASSESGDYAEQFF",9
105,"TRBV15","TRBJ2-7","CASSSRDWGDEQYF",10
106,"TRBV15","TRBJ2-4","CASSLGSQNTLYF",5
107,"TRBV15","TRBJ2-4","CASGTGGSQNTLYF",9
108,"TRBV13-2","TRBJ2-7","CASGGDWGANSYEQYF",5
109,"TRBV16","TRBJ2-4","CASSPPHRSQNTLYF",4
110,"TRBV13-1","TRBJ2-7","CASSARLGRSSYEQYF",3
111,"TRBV31","TRBJ1-1","CAWSLLNTEVFF",21
112,"TRBV13-1","TRBJ2-3","CASSDAQGRDAETLYF",3
113,"TRBV16","TRBJ2-4","CASSTGTGGPSQNTLYF",4
114,"TRBV3","TRBJ1-5","CASSLPIQAPLF",19
115,"TRBV3","TRBJ2-1","CASSRSGGDYAEQFF",16
116,"TRBV13-1","TRBJ2-2","CASRPGTGNTGQLYF",3
117,"TRBV19","TRBJ1-5","CASSAGQGDQAPLF",3
118,"TRBV31","TRBJ1-2","CAWSLGGLGSDYTF",4
119,"TRBV19","TRBJ2-1","CASSPGLGGRAEQFF",3
120,"TRBV17","TRBJ1-1","CASSRARGTEVFF",3
121,"TRBV13-1","TRBJ1-4","CASGGQINYNERLFF",8
122,"TRBV16","TRBJ1-3","CASSSGQSGNTLYF",16
123,"TRBV13-1","TRBJ1-4","CASSDIQGGNERLFF",3
124,"TRBV13-1","TRBJ2-1","CASSPGLGSYAEQFF",18
125,"TRBV13-2","TRBJ2-4","CASGDATDHSQNTLYF",9
126,"TRBV29","TRBJ2-5","CASSPRPQDTQYF",3
127,"TRBV13-1","TRBJ2-5","CASSDAREDTQYF",3
128,"TRBV13-2","TRBJ2-7","CASGDAGGYEQYF",4
129,"TRBV13-3","TRBJ2-3","CASNSGTGGSAETLYF",70
130,"TRBV19","TRBJ2-7","CASSMTVSYEQYF",3
131,"TRBV5","TRBJ1-1","CASSQNRGKVFF",15
132,"TRBV16","TRBJ1-1","CASSSTGGDTEVFF",3
133,"TRBV3","TRBJ2-7","CASSLYGGAREQYF",3
134,"TRBV5","TRBJ1-2","CASSQDDGNSDYTF",31
135,"TRBV5","TRBJ1-4","CASSPPGSNERLFF",3
136,"TRBV15","TRBJ2-7","CASSLDRGYEQYF",25
137,"TRBV13-1","TRBJ2-5","CASSGTAQDTQYF",15
138,"TRBV13-3","TRBJ1-3","CASSDACDRGPGNTLYF",3
139,"TRBV13-2","TRBJ1-4","CASGDADSNERLFF",11
140,"TRBV31","TRBJ1-2","CAWSLRGNSDYTF",23
141,"TRBV5","TRBJ2-2","CASSQGQNTGQLYF",42
142,"TRBV13-2","TRBJ2-7","CASGGLGAYEQYF",6
143,"TRBV2","TRBJ2-4","CASSQDRDWGGLQNTLYF",3
144,"TRBV26","TRBJ2-2","CASSPGGDGQLYF",5
145,"TRBV13-3","TRBJ2-1","CASRQRNYAEQFF",6
146,"TRBV13-1","TRBJ2-5","CASSDEDRGQDTQYF",3
147,"TRBV29","TRBJ1-4","CASSSQGASNERLFF",3
148,"TRBV4","TRBJ2-1","CASSLDWGDAEQFF",15
149,"TRBV13-3","TRBJ1-4","CASSGTYNERLFF",9
150,"TRBV13-1","TRBJ2-4","CASSDSRDQNTLYF",4
151,"TRBV16","TRBJ2-7","CASSLGGGAHEQYF",18
152,"TRBV29","TRBJ1-1","CASSLRGTEVFF",4
153,"TRBV16","TRBJ2-3","CASSPRLAETLYF",5
154,"TRBV16","TRBJ1-4","CASSWGQGANERLFF",3
155,"TRBV5","TRBJ2-4","CVSSLDWGQNTLYF",6
156,"TRBV13-1","TRBJ2-7","CASSDGGLGGEQYF",7
157,"TRBV1","TRBJ2-1","CTCRDWGGGNYAEQFF",11
158,"TRBV31","TRBJ2-1","CAWSLDGGAGAEQFF",13
159,"TRBV5","TRBJ2-5","CASSQETGGRDTQYF",6
160,"TRBV14","TRBJ1-3","CASSSGGLGNTLYF",4
161,"TRBV13-2","TRBJ2-3","CASGGDWGSAETLYF",3
162,"TRBV13-1","TRBJ1-4","CASSRDRDDERLFF",26
163,"TRBV31","TRBJ2-7","CAWSSGTGGYEQYF",3
164,"TRBV13-1","TRBJ1-4","CASSDAEGGPNERLFF",3
165,"TRBV4","TRBJ2-7","CASSFWGSSYEQYF",3
166,"TRBV13-2","TRBJ2-7","CASGDQGGVPEQYF",5
167,"TRBV30","TRBJ2-7","CSSWGGSYEQYF",17
168,"TRBV13-1","TRBJ2-3","CASSEQGSTSAETLYF",9
169,"TRBV13-1","TRBJ2-5","CASSDMGRQDTQYF",3
170,"TRBV31","TRBJ2-5","CAWSLLGQDTQYF",58
171,"TRBV29","TRBJ2-4","CASSLRGGQNTLYF",3
172,"TRBV14","TRBJ2-7","CASSRDRFEQYF",29
173,"TRBV5","TRBJ2-7","CASSQDWGDYEQYF",23
174,"TRBV5","TRBJ2-4","CASSQGIQNTLYF",3
175,"TRBV31","TRBJ2-3","CAWSPRTGSSSAETLYF",3
176,"TRBV13-1","TRBJ2-2","CASSDDWGGANTGQLYF",20
177,"TRBV16","TRBJ1-1","CASSLGTDTEVFF",48
178,"TRBV13-1","TRBJ2-3","CASSDAWTGSAETLYF",4
179,"TRBV19","TRBJ2-1","CASSIDRNYAEQFF",11
180,"TRBV1","TRBJ1-1","CTCSAVGENTEVFF",5
181,"TRBV5","TRBJ2-5","CASSLRVNQDTQYF",64
182,"TRBV31","TRBJ1-3","CAWSSGSGNTLYF",7
183,"TRBV31","TRBJ2-1","CAWSLYAEQFF",27
184,"TRBV13-3","TRBJ2-4","CASSDLGGRATLYF",4
185,"TRBV3","TRBJ2-4","CASSLVWGAGDSQNTLYF",6
186,"TRBV13-2","TRBJ2-1","CASGEQDWGNYAEQFF",3
187,"TRBV16","TRBJ2-3","CASSLGGGRGAETLYF",6
188,"TRBV19","TRBJ2-4","CASSILGGYTLYF",6
189,"TRBV13-1","TRBJ1-1","CASSKTANTEVFF",3
190,"TRBV13-3","TRBJ2-2","CASSGTGPNTGQLYF",5
191,"TRBV29","TRBJ2-3","CASSLDQGASAETLYF",3
192,"TRBV13-3","TRBJ2-4","CASSTGQNTLYF",9
193,"TRBV3","TRBJ2-3","CASSLGTSAETLYF",6
194,"TRBV5","TRBJ2-3","CASSLRTGKAETLYF",3
195,"TRBV13-3","TRBJ1-4","CASRRQGSNERLFF",3
196,"TRBV1","TRBJ1-4","CTCSADLGLNERLFF",4
197,"TRBV13-2","TRBJ2-2","CASGDPGQLYF",4
198,"TRBV13-3","TRBJ2-2","CASSEGEGTGQLYF",3
199,"TRBV17","TRBJ2-5","CASSRDRNSNQDTQYF",4
200,"TRBV13-2","TRBJ1-3","CASGDAGGVGNTLYF",122
201,"TRBV5","TRBJ2-7","CASSPGLGSSYEQYF",4
202,"TRBV16","TRBJ2-5","CASSLGDNQDTQYF",3
203,"TRBV16","TRBJ2-7","CASSFGDRPYEQYF",14
204,"TRBV13-2","TRBJ2-4","YASGGGHSQNTLYF",3
205,"TRBV17","TRBJ2-2","CASSSQGANTGQLYF",8
206,"TRBV15","TRBJ2-2","CASSFAGDTGQLYF",9
207,"TRBV19","TRBJ2-4","CVSSQGWNTLYF",3
208,"TRBV13-2","TRBJ1-4","CVSGEQGISNERLFF",3
209,"TRBV13-2","TRBJ1-6","CASGEGQDNSPLYF",4
210,"TRBV17","TRBJ2-1","CASSRNTGGYAEQFF",14
211,"TRBV16","TRBJ2-4","CASSTVQNTLYF",35
212,"TRBV5","TRBJ2-2","CASSQDFTENTGQLYF",3
213,"TRBV31","TRBJ2-2","CAWSPHRGRANTGQLYF",3
214,"TRBV13-2","TRBJ2-3","CAAEGRAETLYF",3
215,"TRBV16","TRBJ1-1","CASSSPLNQGYTEVFF",4
216,"TRBV2","TRBJ1-3","CASSQDGENSGNTLYF",6
217,"TRBV13-3","TRBJ2-5","CASGPGTINQDTQYF",3
218,"TRBV15","TRBJ2-2","CASSSGGGNTGQLYF",4
219,"TRBV20","TRBJ2-7","CGARETGYYEQYF",4
220,"TRBV31","TRBJ1-3","CAWSFRTGGNTLYF",3
221,"TRBV13-3","TRBJ2-3","CASTLGASAETLYF",36
222,"TRBV5","TRBJ2-7","CASSLDWGTYEQYF",3
223,"TRBV13-2","TRBJ1-6","CASGDARDNSPLYF",10
224,"TRBV16","TRBJ1-2","CASSPDSSDYTF",3
225,"TRBV13-3","TRBJ1-4","CASSDRDERLFF",3
226,"TRBV15","TRBJ1-1","CASSLGNTEVFF",3
227,"TRBV5","TRBJ1-4","CASSQEKNERLFF",8
228,"TRBV13-1","TRBJ2-7","CASSGDRDEQYF",220
229,"TRBV16","TRBJ2-7","CASSFWGGAGEQYF",20
230,"TRBV17","TRBJ2-1","CARGGNYAEQFF",13
231,"TRBV14","TRBJ2-2","CASSLDWGGAGQLYF",8
232,"TRBV13-3","TRBJ1-6","CASSDQGAGNSPLYF",11
233,"TRBV13-3","TRBJ2-7","CASSMGLGGNSYEQYF",5
234,"TRBV17","TRBJ2-5","CASSPETGQDTQYF",3
235,"TRBV1","TRBJ1-1","CTCSAVGGNTEVFF",3
236,"TRBV29","TRBJ1-4","CASSLRQYNERLFF",3
237,"TRBV17","TRBJ2-3","CASSRAGGSAETLYF",3
238,"TRBV1","TRBJ2-3","CTCSAVGGAETLYF",21
239,"TRBV14","TRBJ2-3","CASSLSGGASAETLYF",5
240,"TRBV16","TRBJ2-7","CASSTPDEQYF",3
241,"TRBV13-2","TRBJ1-4","CASGDSSNERLFF",3
242,"TRBV12-1","TRBJ2-4","CASSLHKNTLYF",28
243,"TRBV13-2","TRBJ2-5","CASGAGTLQDTQYF",3
244,"TRBV3","TRBJ2-5","CASSLGLGGRDTQYF",4
245,"TRBV13-2","TRBJ2-3","CASGDAGGAGAETLYF",3
246,"TRBV13-3","TRBJ1-6","CASSDSHLSYNSPLYF",6
247,"TRBV5","TRBJ2-1","CASSQLGGDAEQFF",11
248,"TRBV2","TRBJ2-5","CASSRPNNQDTQYF",3
249,"TRBV29","TRBJ2-3","CAGRDKKISAETLYF",3
250,"TRBV13-1","TRBJ2-7","CASSPGTYEQYF",3
251,"TRBV1","TRBJ2-7","CTCSADGGVVYF",7
252,"TRBV13-3","TRBJ1-3","CASSVDSSGNTLYF",15
253,"TRBV12-1","TRBJ2-7","CASSLRWVEQYF",16
254,"TRBV31","TRBJ2-3","CAWSLGGAETLYF",6
255,"TRBV13-2","TRBJ2-4","CASGAGTGGFYTLYF",25
256,"TRBV3","TRBJ2-1","CASSRDWGALYAEQFF",20
257,"TRBV1","TRBJ1-3","CTCSGANSGNTLYF",3
258,"TRBV13-3","TRBJ2-1","CASSDAGAGAEQFF",6
259,"TRBV13-2","TRBJ2-7","CASGGTGGAYEQYF",35
260,"TRBV29","TRBJ2-1","CATRDRDAEQFF",160
261,"TRBV17","TRBJ2-5","CASSRSRGDTQYF",42
262,"TRBV4","TRBJ2-5","CASSPHNQDTQYF",47
263,"TRBV31","TRBJ1-1","CAWEGADTEVFF",3
264,"TRBV5","TRBJ2-4","CASSQDDWGGGNTLYF",4
265,"TRBV17","TRBJ1-4","CASSLTGGDERLFF",3
266,"TRBV1","TRBJ2-7","CTCSADGRGREQYF",8
267,"TRBV13-2","TRBJ2-3","CASGDDQSAETLYF",7
268,"TRBV13-3","TRBJ2-1","CASSDVRNYAEQFF",3
269,"TRBV31","TRBJ2-3","CAWSHSAETLYF",5
270,"TRBV31","TRBJ2-5","CAWSPLLGVQDTQYF",36
271,"TRBV13-2","TRBJ1-1","CASGDAARGNTEVFF",81
272,"TRBV14","TRBJ2-7","CASSSTGGNSYEQYF",3
273,"TRBV13-3","TRBJ2-1","CASRGQGMDAEQFF",3
274,"TRBV3","TRBJ2-7","CASSRPTSSSYEQYF",3
275,"TRBV13-1","TRBJ2-5","CASSGWGIQDTQYF",4
276,"TRBV13-2","TRBJ2-3","CASQGAETLYF",4
277,"TRBV5","TRBJ2-5","CASSPPGLGNQDTQYF",3
278,"TRBV16","TRBJ2-7","CASSKQGPEQYF",3
279,"TRBV15","TRBJ2-2","CASSFLGTGQLYF",8
280,"TRBV14","TRBJ2-3","CASSFAGETLYF",7
281,"TRBV13-1","TRBJ2-4","CASSEDRGRSQNTLYF",3
282,"TRBV13-2","TRBJ2-4","CASGDPGLGNTLYF",4
283,"TRBV3","TRBJ1-1","CASSLAGTEVFF",6
284,"TRBV29","TRBJ1-6","CASSRDSYNSPLYF",3
285,"TRBV1","TRBJ2-3","CTCSGTSAETLYF",7
286,"TRBV13-1","TRBJ2-4","CASSDPTGNTLYF",7
287,"TRBV31","TRBJ2-7","CAWSLYLLYEQYF",7
288,"TRBV16","TRBJ2-2","CASSLEGAGNTGQLYF",8
289,"TRBV31","TRBJ1-3","CAWSLARGSGNTLYF",45
290,"TRBV13-3","TRBJ2-7","CASSGGGYEQYF",23
291,"TRBV13-3","TRBJ1-1","CASRRATNTEVFF",3
292,"TRBV1","TRBJ1-4","CTCSGTGTVNERLFF",5
293,"TRBV5","TRBJ2-1","CASSQPGTGGWAEQFF",15
294,"TRBV5","TRBJ2-7","CASSQDWDEQYF",7
295,"TRBV16","TRBJ2-4","CASSLGGGYTLYF",3
296,"TRBV14","TRBJ2-7","CASSPRAGRREQYF",12
297,"TRBV13-2","TRBJ1-1","CASGPEEVFF",8
298,"TRBV13-3","TRBJ2-4","CASSNSQNTLYF",7
299,"TRBV19","TRBJ2-1","CASSTGTNAEQFF",3
300,"TRBV29","TRBJ1-1","CASRPTNTEVFF",4
301,"TRBV13-2","TRBJ2-3","CASGRLGGLGAETLYF",3
302,"TRBV13-3","TRBJ2-4","CASSDWDINTLYF",3
303,"TRBV13-1","TRBJ2-1","CASSKLGGYAEQFF",31
304,"TRBV5","TRBJ2-3","CASSPDWGEAETLYF",12
305,"TRBV5","TRBJ2-5","CASSQDWGINQDTQYF",16
306,"TRBV13-2","TRBJ2-7","CASGVRDRGVEQYF",9
307,"TRBV13-2","TRBJ2-7","CASGTGGGEQYF",4
308,"TRBV19","TRBJ2-4","CASSLNGQNTLYF",3
309,"TRBV4","TRBJ2-7","CASRDWGYEQYF",7
310,"TRBV13-3","TRBJ2-7","CASSDRNYEQYF",6
311,"TRBV13-1","TRBJ1-3","CASSDPPGQGSGNTLYF",3
312,"TRBV31","TRBJ1-4","CAWSLGTYNERLFF",3
313,"TRBV13-1","TRBJ2-7","CASSDGGGEQYF",8
314,"TRBV4","TRBJ2-3","CASRPDWAFSAETLYF",3
315,"TRBV5","TRBJ2-1","CASSPTIRTGNYAEQFF",13
316,"TRBV13-2","TRBJ2-5","CASGDAGGRGDTQYF",22
317,"TRBV31","TRBJ1-2","CAWSLAGPSDYTF",9
318,"TRBV13-1","TRBJ1-4","CASSQGFSNERLFF",20
319,"TRBV14","TRBJ2-7","CASSFSLQGAYEQYF",9
320,"TRBV15","TRBJ2-7","CASSLGGTGAYEQYF",3
321,"TRBV29","TRBJ1-4","CASSLGTNNERLFF",3
322,"TRBV29","TRBJ2-1","CASADRNYAEQFF",9
323,"TRBV29","TRBJ2-1","CASSSSGGAGYAEQFF",17
324,"TRBV13-2","TRBJ2-4","CASGETGADTLYF",3
325,"TRBV20","TRBJ2-7","CGARTGGKEQYF",3
326,"TRBV13-3","TRBJ2-4","CASSARGNTLYF",3
327,"TRBV5","TRBJ1-1","CASSQQGGDTEVFF",3
328,"TRBV13-1","TRBJ2-5","CASSEGTEDTQYF",7
329,"TRBV31","TRBJ2-7","CAWSGTGDEQYF",3
330,"TRBV20","TRBJ1-2","CGAWANSDYTF",7
331,"TRBV1","TRBJ1-5","CTCSAEGDRGDNQAPLF",30
332,"TRBV1","TRBJ2-3","CTCSAQGSSAETLYF",29
333,"TRBV16","TRBJ2-7","CASSSSTGGDYEQYF",3
334,"TRBV5","TRBJ2-5","CASSQDYWAQDTQYF",16
335,"TRBV13-3","TRBJ2-3","CASSDLGTGGPETLYF",3
336,"TRBV13-1","TRBJ1-2","CASSGQANSDYTF",104
337,"TRBV13-3","TRBJ1-5","CASSDGDRGRNQAPLF",4
338,"TRBV16","TRBJ2-7","CASSLDRGAEYF",8
339,"TRBV20","TRBJ1-4","CGARTDNERLFF",9
340,"TRBV29","TRBJ2-1","CASSHPGQGYAEQFF",17
341,"TRBV13-3","TRBJ1-4","CASSRDNERLFF",3
342,"TRBV13-2","TRBJ2-5","CASGGGRGDTQYF",9
343,"TRBV3","TRBJ1-1","CASSRQNTEVFF",56
344,"TRBV16","TRBJ1-1","CASSLGTGGEVFF",9
345,"TRBV29","TRBJ2-7","CASSTGTGEYF",4
346,"TRBV29","TRBJ2-1","CASSLVGGPEQFF",116
347,"TRBV19","TRBJ2-3","CASSILWGAETLYF",4
348,"TRBV20","TRBJ2-1","CGARDRGDNYAEQFF",5
349,"TRBV29","TRBJ2-7","CASRSGSSYEQYF",3
350,"TRBV19","TRBJ1-1","CASSIRPANTEVFF",3
351,"TRBV13-3","TRBJ2-5","CASSGTGVDTQYF",4
352,"TRBV13-2","TRBJ2-5","CASGSTGGNNQDTQYF",6
353,"TRBV13-2","TRBJ1-4","CASGETGVGRLFF",11
354,"TRBV31","TRBJ2-7","CAWSLYWGGDEQYF",8
355,"TRBV5","TRBJ1-4","CASSQDQGTNERLFF",5
356,"TRBV5","TRBJ2-3","CASSPPGQTSAETLYF",3
357,"TRBV12-1","TRBJ2-1","CASSRGTGLGEQFF",4
358,"TRBV31","TRBJ1-3","CAWSPTDSGNTLYF",10
359,"TRBV13-1","TRBJ2-7","CASSRTGYEQYF",3
360,"TRBV1","TRBJ2-5","CTCSADASQDTQYF",9
361,"TRBV1","TRBJ2-5","CTCSDRGGQDTQYF",4
362,"TRBV16","TRBJ1-1","CASSLQGAEVFF",3
363,"TRBV14","TRBJ2-4","CASSLKGLGVSQNTLYF",3
364,"TRBV13-1","TRBJ2-1","CASKIGGNYAEQFF",3
365,"TRBV13-2","TRBJ2-1","CASGDAGNYAEQFF",5
366,"TRBV14","TRBJ2-7","CASSLGGSSYEQYF",3
367,"TRBV5","TRBJ2-7","CASSPNWGNSYEQYF",3
368,"TRBV29","TRBJ1-4","CASSSRQGGNERLFF",45
369,"TRBV12-1","TRBJ2-7","CASSLDRGALYEQYF",9
370,"TRBV15","TRBJ2-7","CASRRQYEQYF",3
371,"TRBV29","TRBJ2-1","CASSLSGTGLAEQFF",3
372,"TRBV4","TRBJ1-6","CASSSQGRYNSPLYF",14
373,"TRBV3","TRBJ1-4","CVSSLGGGPNERLFF",3
374,"TRBV14","TRBJ2-1","CASRTNNYAEQFF",3
375,"TRBV16","TRBJ2-1","CASSSDWEGDAEQFF",3
376,"TRBV13-2","TRBJ2-1","CASGDQNYAEQFF",4
377,"TRBV14","TRBJ2-7","CANREEYEQYF",5
378,"TRBV12-1","TRBJ2-7","CASSLGKQYF",8
379,"TRBV29","TRBJ1-1","CASSLSQGVGEVFF",25
380,"TRBV1","TRBJ2-7","CTCSVDSYEQYF",3
381,"TRBV20","TRBJ2-3","CGAREGSETLYF",3
382,"TRBV13-2","TRBJ1-3","CASGDRQSGNTLYF",104
383,"TRBV15","TRBJ1-1","CASSLRGQNTEVFF",6
384,"TRBV1","TRBJ2-4","CTCRARDRGSQNTLYF",4
385,"TRBV5","TRBJ1-6","CASSQQGAAPLYF",4
386,"TRBV4","TRBJ1-1","CASSRDREVFF",3
387,"TRBV1","TRBJ2-5","CTCRRGWDQDTQYF",3
388,"TRBV13-2","TRBJ2-7","CASGPTGAYEQYF",3
389,"TRBV16","TRBJ1-6","CASSSTGDSPLYF",7
390,"TRBV5","TRBJ1-1","CASSRGTTNTEVFF",11
391,"TRBV13-1","TRBJ1-5","CASNRDRGQAPLF",15
392,"TRBV13-1","TRBJ2-7","CASSGGLGSYEQYF",10
393,"TRBV13-1","TRBJ1-1","CASREGQGADTEVFF",3
394,"TRBV13-3","TRBJ2-1","CASSGDRGYAEQFF",3
395,"TRBV31","TRBJ2-5","CAWSLVGIQDTQYF",3
396,"TRBV17","TRBJ1-3","CVHRGLGNTLYF",3
397,"TRBV5","TRBJ2-3","CASSQPGLGTRSAETLYF",36
398,"TRBV16","TRBJ2-1","CASSIRGRIAEQFF",7
399,"TRBV13-2","TRBJ2-5","CASGDAGGGGDTQYF",3
400,"TRBV4","TRBJ2-1","CASSLDRGNAEQFF",3
401,"TRBV14","TRBJ2-4","CASRRLASQNTLYF",18
402,"TRBV12-1","TRBJ1-6","CASSPPGQTYNSPLYF",3
403,"TRBV1","TRBJ1-4","CTCSAREGERLFF",22
404,"TRBV12-1","TRBJ2-5","CASSPTGINQDTQYF",3
405,"TRBV31","TRBJ2-7","CAWSGVYEQYF",3
406,"TRBV29","TRBJ2-4","CASRFAPRDWGQNTLYF",32
407,"TRBV19","TRBJ2-3","CASSIRDETLYF",3
408,"TRBV16","TRBJ2-4","CASSLDPGLQNTLYF",3
409,"TRBV13-1","TRBJ2-2","CASSDAQGANTGQLYF",45
410,"TRBV13-3","TRBJ2-7","CDSSDAGGEQYF",3
411,"TRBV12-1","TRBJ2-1","CASSLEGGAEQFF",4
412,"TRBV13-1","TRBJ2-3","CASSEGQGWAETLYF",3
413,"TRBV5","TRBJ2-5","CASSQDLQDTQYF",7
414,"TRBV20","TRBJ1-3","CGARDSRGYSGNTLYF",3
415,"TRBV5","TRBJ2-3","CASSQDWGGGAETLYF",3
416,"TRBV19","TRBJ1-1","CASTSGQAYTEVFF",3
417,"TRBV12-2","TRBJ2-7","CASSTGTGGIEQYF",3
418,"TRBV13-2","TRBJ1-4","CASSDQGPERLFF",6
419,"TRBV14","TRBJ2-5","CASSRLGGRKDTQYF",17
420,"TRBV3","TRBJ2-7","CASSPTGGAVEQYF",3
421,"TRBV31","TRBJ2-7","CAWSLGGAIEQYF",3
422,"TRBV13-3","TRBJ2-4","CASSDFGGSQNTLYF",3
423,"TRBV31","TRBJ1-5","CAWSPGQGSNQAPLF",33
424,"TRBV13-3","TRBJ2-4","CASSESRSSQNTLYF",3
425,"TRBV17","TRBJ2-7","CASSNTGGYEQYF",3
426,"TRBV13-2","TRBJ2-7","CASGDRLGSSYEQYF",4
427,"TRBV13-3","TRBJ1-2","CASSTGTGFSDYTF",41
428,"TRBV14","TRBJ2-3","CASSFRQGSAETLYF",3
429,"TRBV4","TRBJ1-5","CASRDRGHGNQAPLF",3
430,"TRBV5","TRBJ2-3","CASSQQGLSAETLYF",7
431,"TRBV13-1","TRBJ1-3","CASSDEGAGNTLYF",27
432,"TRBV13-2","TRBJ2-5","CASGGLGGVNQDTQYF",4
433,"TRBV3","TRBJ2-7","CASSLEGSEQYF",4
434,"TRBV16","TRBJ1-1","CASSLDNTEVFF",3
435,"TRBV16","TRBJ2-1","CASSIHWGNYAEQFF",3
436,"TRBV13-2","TRBJ2-3","CASGDGLGGSAETLYF",5
437,"TRBV19","TRBJ2-1","CASRTPLGGNAEQFF",3
438,"TRBV3","TRBJ2-1","CASSPTGAYAEQFF",6
439,"TRBV4","TRBJ2-2","CASSPRLVGTGQLYF",3
440,"TRBV13-1","TRBJ2-5","CASSDAGGIQDTQYF",5
441,"TRBV1","TRBJ2-5","CTCSAGSWQDTQYF",4
442,"TRBV13-2","TRBJ2-7","CASVGYEQYF",6
443,"TRBV31","TRBJ1-1","CAWKTNTEVFF",6
444,"TRBV2","TRBJ2-7","CASSQDLGGGEQYF",5
445,"TRBV31","TRBJ2-7","CAWGTGDEQYL",4
446,"TRBV12-2","TRBJ2-7","CASSLGQGAYEQYF",3
447,"TRBV17","TRBJ2-1","CASSRDQAEQFF",35
448,"TRBV19","TRBJ2-5","CTSSIWGKDQDTQYF",3
449,"TRBV5","TRBJ2-7","CASSRDSPYEQYF",3
450,"TRBV5","TRBJ2-5","CASSQGLEDTQYF",31
451,"TRBV16","TRBJ2-5","CASSLWTGGQDTQYF",25
452,"TRBV4","TRBJ2-5","CASSYGGGQDTQYF",6
453,"TRBV3","TRBJ1-1","CASTYNANTEVFF",5
454,"TRBV5","TRBJ2-7","CASSPSGAYEQYF",17
455,"TRBV31","TRBJ2-1","CAWSLTGGLNYAEQFF",7
456,"TRBV15","TRBJ1-5","CASRPDGNNQAPLF",5
457,"TRBV13-2","TRBJ1-5","CASGETNNQAPLF",3
458,"TRBV5","TRBJ1-6","CASSVRQNSYNSPLYF",3
459,"TRBV5","TRBJ2-7","CASSRTGGNYEQYF",4
460,"TRBV20","TRBJ1-5","CGARGQNQAPLF",4
461,"TRBV5","TRBJ2-5","CASSRDWGRQDTQYF",23
462,"TRBV13-2","TRBJ1-2","CASRDRGLSDYTF",3
463,"TRBV3","TRBJ1-2","CASSFLLQGNSDYTF",11
464,"TRBV13-3","TRBJ1-1","CASSRGNTEVFF",6
465,"TRBV13-1","TRBJ2-1","CASRTGVYAEQFF",31
466,"TRBV14","TRBJ1-1","CASSLELEVFF",3
467,"TRBV13-3","TRBJ1-3","CASSDGKNSGNTLYF",3
468,"TRBV16","TRBJ2-7","CASSLEWGGAEQYF",9
469,"TRBV14","TRBJ1-1","CASSFDGNTEVFF",4
470,"TRBV13-3","TRBJ1-3","CASSGRGRGNTLYF",13
471,"TRBV5","TRBJ2-7","CASSPRDRGYEQYF",5
472,"TRBV14","TRBJ2-7","CASSSGTGGYEQYF",30
473,"TRBV3","TRBJ2-7","CASSPDWGYEQYF",4
474,"TRBV13-1","TRBJ1-1","CASSDWGRDTEVFF",9
475,"TRBV16","TRBJ2-1","CASSPRDNYAEQFS",5
476,"TRBV2","TRBJ2-1","CASSPRDKYAEQFF",33
477,"TRBV5","TRBJ1-3","CASSQQGHSGNTLYF",13
478,"TRBV29","TRBJ2-3","CASSPPTTSAETLYF",3
479,"TRBV19","TRBJ2-4","CATGHSSQNTLYF",9
480,"TRBV4","TRBJ2-7","CASSTGTGGPYEQYF",8
481,"TRBV19","TRBJ1-3","CASRAGVGNTLYF",3
482,"TRBV13-2","TRBJ1-2","CASAGQGANSDYTF",3
483,"TRBV15","TRBJ1-1","CASSGQGTTEVFF",3
484,"TRBV1","TRBJ2-3","CTCSALGGSAETLYF",7
485,"TRBV1","TRBJ2-5","CTCSGPGQQDTQYF",6
486,"TRBV14","TRBJ2-1","CASSFGTGNAEQFF",10
487,"TRBV13-3","TRBJ1-1","CASSPRDTEVFF",3
488,"TRBV31","TRBJ2-5","CAWSLPGGMNTQYF",6
489,"TRBV19","TRBJ2-5","CASSKRDREDTQYF",4
490,"TRBV19","TRBJ2-7","CASSIEGWGGDEQYF",6
491,"TRBV13-2","TRBJ2-5","CASGDPGSQDTQYF",4
492,"TRBV17","TRBJ2-2","CASSRPGGQLYF",54
493,"TRBV31","TRBJ2-3","CAWSQLTGGSAETLYF",4
494,"TRBV5","TRBJ2-7","CASSQDTEGEQYF",12
495,"TRBV29","TRBJ2-4","CASSKQGAYTLYF",4
496,"TRBV5","TRBJ1-4","CASSQDREGGSNERLFF",4
497,"TRBV5","TRBJ2-5","CASSQDEDIQDTQYF",3
498,"TRBV13-1","TRBJ1-4","CASSLNRGRDERLFF",14
499,"TRBV29","TRBJ2-2","CASSLSRVTGQLYF",47
500,"TRBV13-2","TRBJ2-3","CASGDGDWGAETLYF",22
501,"TRBV3","TRBJ2-5","CASSLDGGHQDTQYF",3
502,"TRBV4","TRBJ2-3","CASSLYSAETLYF",9
503,"TRBV13-2","TRBJ2-7","CASGGHWGLPYF",32
504,"TRBV13-3","TRBJ1-6","CASSDARDTYNSPLYF",4
505,"TRBV17","TRBJ2-5","CASSRNWQNQDTQYF",38
506,"TRBV13-3","TRBJ2-2","CASSGSGQLYF",31
507,"TRBV14","TRBJ2-2","CASSLGAPNTGQLYF",9
508,"TRBV13-1","TRBJ2-3","CASSDSGGAAETLYF",3
509,"TRBV13-3","TRBJ2-5","CASSGTGQDTQYF",16
510,"TRBV12-1","TRBJ2-7","CASSQGLGIYEQYF",3
511,"TRBV19","TRBJ2-1","CASSQTGAEQFF",7
512,"TRBV5","TRBJ2-1","CASSQDPGLGGYAEQFF",3
513,"TRBV2","TRBJ1-2","CASSQDRGINSDYTF",5
514,"TRBV16","TRBJ2-5","CASSPLGGLDTQYF",3
515,"TRBV16","TRBJ1-1","CASSLADTEVFF",13
516,"TRBV31","TRBJ1-6","CAWSPDRGRNSPLYF",32
517,"TRBV19","TRBJ2-7","CASSIKGDSSYEQYF",3
518,"TRBV20","TRBJ1-2","CGAGTTNSDYTF",6
519,"TRBV13-1","TRBJ2-2","CASSDPGQGDTGQLYF",16
520,"TRBV2","TRBJ2-4","CASSQDLGYTLYF",15
521,"TRBV5","TRBJ2-1","CASSPGDYAEQFF",3
522,"TRBV12-1","TRBJ2-1","CASSPGLGYAEQFF",35
523,"TRBV19","TRBJ2-7","CASSRLGDEQYF",3
524,"TRBV1","TRBJ2-7","CTCSAVGYEQYF",4
525,"TRBV16","TRBJ2-7","CASSSRDFSYEQYF",23
526,"TRBV31","TRBJ2-1","CAWRLGGIYAEQFF",3
527,"TRBV14","TRBJ2-7","CASSSGTGGNEQYF",3
528,"TRBV1","TRBJ2-5","CTCRGTGDTQYF",3
529,"TRBV5","TRBJ2-2","CASSPRGRDTGQLYF",5
530,"TRBV13-2","TRBJ2-3","CASGAPGTGQIAETLYF",3
531,"TRBV13-1","TRBJ2-3","CASSAGPETLYF",11
532,"TRBV3","TRBJ2-2","CASSLGLGGNTGQLYF",5
533,"TRBV17","TRBJ2-5","CASSKYWGANQDTQYF",3
534,"TRBV16","TRBJ1-1","CASSLGQLVFF",3
535,"TRBV15","TRBJ2-7","CASSFGQSYEQYF",3
536,"TRBV1","TRBJ1-1","CTCSPGNTEVFF",5
537,"TRBV16","TRBJ2-7","CASTSTGGALEQYF",3
538,"TRBV15","TRBJ2-2","CASSTRGPGQLYF",10
539,"TRBV13-3","TRBJ2-1","CASSEGDSYAEQFF",5
540,"TRBV2","TRBJ2-4","CASSHPYGSQNTLYF",14
541,"TRBV29","TRBJ2-5","CASSPHRGQDTQYF",8
542,"TRBV5","TRBJ2-7","CASSQEVSSYEQYF",4
543,"TRBV5","TRBJ2-3","CASSQTGGGAETLYF",3
544,"TRBV5","TRBJ2-7","CASSHPGLGGEQYF",33
545,"TRBV31","TRBJ2-2","CAWTGGDTGQLYF",4
546,"TRBV31","TRBJ2-1","CAWSRRDWGGAEQFF",3
547,"TRBV31","TRBJ2-7","CAWSLNWGYEQYF",24
548,"TRBV29","TRBJ1-6","CASTRDRGQPYNSPLYF",17
549,"TRBV4","TRBJ2-3","CASSYRGRPETLYF",5
550,"TRBV4","TRBJ2-5","CASSLTGGSNQDTQYF",20
551,"TRBV13-3","TRBJ2-7","CASSAGTGGYEQYF",5
552,"TRBV19","TRBJ2-5","CASSMAGENQDTQYF",4
553,"TRBV1","TRBJ2-4","CTCSAGGQNTLYF",5
554,"TRBV31","TRBJ2-3","CAWSPGQGETLYF",3
555,"TRBV4","TRBJ1-1","CASSLEGNTEVFF",3
556,"TRBV13-1","TRBJ2-1","CASSDPLGDNYAEQFF",51
557,"TRBV13-1","TRBJ2-7","CASSDLGGSYEQYF",21
558,"TRBV14","TRBJ2-1","CASSSGTAYAEQFF",3
559,"TRBV29","TRBJ2-1","CASSWGEAEQFF",3
560,"TRBV20","TRBJ2-5","CGARNFQDTQYF",3
561,"TRBV5","TRBJ2-4","CASSHTGGENTLYF",21
562,"TRBV13-1","TRBJ2-4","CASSDIQKNTLYF",5
563,"TRBV12-1","TRBJ2-5","CASSHRDWVQDTQYF",12
564,"TRBV13-1","TRBJ1-1","CASSDPSANTEVFF",13
565,"TRBV13-1","TRBJ2-4","CASSVTGGAHYTLYF",3
566,"TRBV13-2","TRBJ2-7","CASGDVTGWEQYF",16
567,"TRBV20","TRBJ1-2","CGAGTGRASDYTF",11
568,"TRBV14","TRBJ2-5","CASSPGQGSDTQYF",3
569,"TRBV16","TRBJ1-1","CASSLGTGGGEVFF",7
570,"TRBV14","TRBJ2-5","CASSRRQGGQDTQYF",3
571,"TRBV13-2","TRBJ2-5","CASGGDWGGQDTQYF",8
572,"TRBV13-2","TRBJ2-1","CASGDARGVAEQFF",241
573,"TRBV26","TRBJ2-1","CASSLTYNYAEQFF",5
574,"TRBV20","TRBJ2-7","CGALRDWGYEQYF",3
575,"TRBV5","TRBJ2-7","CASSQGGGRSYEQYF",3
576,"TRBV13-2","TRBJ2-7","CASGAGGGDEQYF",10
577,"TRBV13-1","TRBJ2-7","CASSDEGRGREQYF",3
578,"TRBV13-3","TRBJ2-3","CASALGGLSAETLYF",7
579,"TRBV31","TRBJ2-4","CAWSLTINTLYF",6
580,"TRBV13-2","TRBJ2-3","CASGDWGVPSAETLYF",17
581,"TRBV5","TRBJ2-7","CASSPGTGGGYEQYF",4
582,"TRBV13-1","TRBJ2-4","CASSELGGRNTLYF",3
583,"TRBV13-1","TRBJ2-7","CASSNRDRGIYEQYF",32
584,"TRBV13-2","TRBJ1-1","CASGDASQNTEVFF",3
585,"TRBV16","TRBJ2-7","CASSLDSSSYEQYF",560
586,"TRBV3","TRBJ1-1","CASSLAGDVFF",3
587,"TRBV3","TRBJ2-2","CASSGLGGNTGQLYF",3
588,"TRBV5","TRBJ1-6","CASSRGTGEDSPLYF",6
589,"TRBV14","TRBJ2-7","CASSLGLGAEQYF",4
590,"TRBV5","TRBJ2-5","CASSQNWGTQYF",7
591,"TRBV12-1","TRBJ2-1","CASSPAAGIAEQFF",4
592,"TRBV13-1","TRBJ2-4","CASSDELGGGQNTLYF",4
593,"TRBV13-1","TRBJ2-3","CASSPGLGAETLYF",22
594,"TRBV13-1","TRBJ2-1","CASSDGGGNYAEQFF",9
595,"TRBV13-1","TRBJ1-1","CASSDGQGGNTEVFF",3
596,"TRBV3","TRBJ2-7","CASRPGGREQYF",3
597,"TRBV13-2","TRBJ1-3","CASGPGQGSGNTLYF",13
598,"TRBV1","TRBJ2-5","CTCSATGKDTQYF",11
599,"TRBV31","TRBJ2-3","CAWSHGGSSAETLYF",14
600,"TRBV1","TRBJ1-1","CTCSGTGDTEVFF",6
601,"TRBV19","TRBJ2-5","CASSPTGGEDTQYF",3
602,"TRBV13-2","TRBJ2-7","CASGDWGSSYEQYF",16
603,"TRBV20","TRBJ2-1","CGARWGDAEQFF",38
604,"TRBV1","TRBJ2-7","CTCSAGDSYEQYF",9
605,"TRBV1","TRBJ2-5","CTCSADWTQDTQYF",5
606,"TRBV31","TRBJ1-2","CAWSLRRTNSDYTF",6
607,"TRBV29","TRBJ2-7","CASSLYTYEQYF",6
608,"TRBV13-2","TRBJ1-1","CASGEQNTEVFF",16
609,"TRBV17","TRBJ2-1","CASSLTNNYAEQFF",3
610,"TRBV2","TRBJ2-2","CASRLPGLGTGQLYF",5
611,"TRBV20","TRBJ2-7","CGARPGGYEQYF",3
612,"TRBV1","TRBJ2-3","CTCSSSAETLYF",3
613,"TRBV31","TRBJ2-7","CAWSLSGGGYEQYF",52
614,"TRBV3","TRBJ1-4","CASSQRTVSNERLFF",31
615,"TRBV14","TRBJ2-4","CASSPDWGRNTLYF",12
616,"TRBV13-1","TRBJ2-5","CASSDASWGGQDTQYF",81
617,"TRBV16","TRBJ2-7","CASSPSGLGGYEQYF",12
618,"TRBV13-2","TRBJ2-5","CASGDRDWGGAPDTQYF",3
619,"TRBV20","TRBJ2-7","CGARDSYEQYF",51
620,"TRBV15","TRBJ2-3","CASSFGQGGAETLYF",9
621,"TRBV19","TRBJ1-1","CASSRQDTEVFF",8
622,"TRBV13-2","TRBJ1-2","CASGGHLSDYTF",16
623,"TRBV31","TRBJ2-3","CAWSPGTGKTLYF",3
624,"TRBV4","TRBJ2-1","CASSGGNYAEQFF",9
625,"TRBV5","TRBJ2-1","CASSQELDRGLAEQFF",5
626,"TRBV17","TRBJ2-5","CASSRDGGGFNQDTQYF",5
627,"TRBV4","TRBJ2-5","CASSALGADTQYF",36
628,"TRBV16","TRBJ2-3","CASSFRDWGSAETLYF",4
629,"TRBV13-3","TRBJ1-4","CASRDRDRKNERLFF",13
630,"TRBV15","TRBJ2-1","CASSFYGGAEQFF",18
631,"TRBV13-1","TRBJ1-1","CASSLTSNTEVFF",3
632,"TRBV20","TRBJ2-3","CGAAGSAETLYF",7
633,"TRBV13-2","TRBJ2-7","CASGDEGMEYF",3
634,"TRBV13-2","TRBJ1-1","CASGATVM",5
635,"TRBV31","TRBJ2-7","CAWSQLGGTYEQYF",4
636,"TRBV5","TRBJ2-3","CASSQDTISAETLYF",14
637,"TRBV5","TRBJ2-5","CASSQTLNQDTQYF",5
638,"TRBV13-3","TRBJ1-5","CASSDAGEAPLF",3
639,"TRBV13-2","TRBJ2-7","CASGAGAEQYF",3
640,"TRBV3","TRBJ1-1","CASSLGGEEVFF",3
641,"TRBV13-1","TRBJ2-3","CASSDGTGKAETLYF",4
642,"TRBV20","TRBJ2-3","CGARRASAETLYF",7
643,"TRBV13-1","TRBJ2-3","CASSGLGAETLYF",20
644,"TRBV19","TRBJ1-1","CASSIDSYANTEVFF",10
645,"TRBV5","TRBJ2-2","CASSQGANTGQLYF",17
646,"TRBV13-3","TRBJ2-1","CASSDVGLGYAEQFF",9
647,"TRBV12-1","TRBJ2-7","CASSLRNYEQYF",139
648,"TRBV12-1","TRBJ2-7","CASGRDSSYEQYF",4
649,"TRBV14","TRBJ2-5","CASSLGKRDTQYF",5
650,"TRBV16","TRBJ1-1","CASSFTVNTEVFF",6
651,"TRBV5","TRBJ2-4","CASSPQGRGSQNTLYF",9
652,"TRBV13-2","TRBJ2-1","CASGQGEDAEQFF",4
653,"TRBV12-2","TRBJ2-7","CASSSGGSSYEQYF",22
654,"TRBV13-1","TRBJ2-5","CASSVREDTQYF",13
655,"TRBV31","TRBJ2-7","CAWRQTGGYEQYF",3
656,"TRBV1","TRBJ2-4","CTCSADPQKNTLYF",3
657,"TRBV4","TRBJ2-3","CASSYRESAETLYF",3
658,"TRBV4","TRBJ2-7","CASSSGQGREQYF",3
659,"TRBV3","TRBJ1-5","CASSPTGDNNQAPLF",4
660,"TRBV29","TRBJ2-7","CASSPDRGQEQYF",5
661,"TRBV29","TRBJ2-3","CASSLGDSAETLYF",3
662,"TRBV13-3","TRBJ2-5","CASSARLGFNQDTQYF",9
663,"TRBV13-1","TRBJ1-1","CASSVDRDTEVFF",4
664,"TRBV13-2","TRBJ2-5","CASGDSDWGQDTQYF",12
665,"TRBV31","TRBJ2-5","CAWSSGGKDTQYF",3
666,"TRBV12-1","TRBJ2-1","CASSPTGGAGAEQFF",3
667,"TRBV13-1","TRBJ2-5","CASSGRGDQDTQYF",3
668,"TRBV16","TRBJ2-4","CASSLGGRDTLYF",3
669,"TRBV29","TRBJ2-7","CASSRQYEQYF",4
670,"TRBV14","TRBJ1-1","CASSLGKTEVFF",8
671,"TRBV13-3","TRBJ1-1","CASSDGTRNTEVFF",3
672,"TRBV13-1","TRBJ2-7","CASSDERSSYEQYF",17
673,"TRBV13-2","TRBJ2-2","CASGDAWGTGTGQLYF",7
674,"TRBV1","TRBJ2-2","CTCSADRATGQLYF",13
675,"TRBV16","TRBJ2-3","CASSLDPGGSAETLYF",11
676,"TRBV12-2","TRBJ2-5","CASSLDCDTQDTQYF",4
677,"TRBV2","TRBJ2-4","CASSQAGGQNTLYF",8
678,"TRBV15","TRBJ2-4","CASRRQSQNTLYF",7
679,"TRBV13-2","TRBJ1-4","CASGDQGAISNERLFF",3
680,"TRBV1","TRBJ1-3","CTCSAQDRDSGNTLYF",8
681,"TRBV1","TRBJ2-7","CTCSVTGASSYEQYF",3
682,"TRBV13-1","TRBJ2-3","CASSEGTGGAETLYF",3
683,"TRBV13-2","TRBJ1-1","CASGDWREVFF",3
684,"TRBV19","TRBJ1-6","CASSIPGSNSPLYF",4
685,"TRBV31","TRBJ2-7","CAWSLGWGSYEQYF",9
686,"TRBV29","TRBJ2-4","CAGQGGQNTLYF",15
687,"TRBV29","TRBJ2-1","CASSLDWGGYAEQFF",19
688,"TRBV4","TRBJ1-4","CASSFYRDRNNERLFF",5
689,"TRBV13-3","TRBJ2-7","CASSDPNSYEQYF",60
690,"TRBV13-2","TRBJ2-5","CASGVGQGDTQYF",3
691,"TRBV29","TRBJ2-5","CASSLSGTGVGDTQYF",3
692,"TRBV31","TRBJ2-5","CAWSPDWGQDTQYF",3
693,"TRBV16","TRBJ2-2","CASSPTGPGQLYF",9
694,"TRBV17","TRBJ2-5","CASSRGINQDTQYF",3
695,"TRBV13-1","TRBJ2-7","CASIEGDEQYF",3
696,"TRBV16","TRBJ2-1","CASSLGGAEQFF",6
697,"TRBV14","TRBJ1-1","CASSPQGDTEVFF",5
698,"TRBV19","TRBJ2-7","CASSSDWDSYEQYF",3
699,"TRBV13-1","TRBJ1-3","CASSAGHHSGNTLYF",8
700,"TRBV12-1","TRBJ2-7","CASSLDWGGYEQYF",5
701,"TRBV31","TRBJ2-4","CAWSGGTGYTLYF",8
702,"TRBV13-3","TRBJ1-4","CASSRVSNERLFF",3
703,"TRBV14","TRBJ1-3","CASSLGTKNTLYF",4
704,"TRBV14","TRBJ2-2","CASRLQGNTGQLYF",11
705,"TRBV16","TRBJ1-4","CASSLDMSGADERLFF",3
706,"TRBV31","TRBJ2-3","CAWSLLWGAETLYF",9
707,"TRBV13-1","TRBJ2-4","CASSPGTGGGQNTLYF",3
708,"TRBV13-3","TRBJ1-1","CASSQGNTEVFF",3
709,"TRBV19","TRBJ2-7","CASSVGGAYEQYF",3
710,"TRBV4","TRBJ2-7","CASSQTGFEQYF",3
711,"TRBV13-1","TRBJ1-1","CASSDSREATEVFF",7
712,"TRBV13-1","TRBJ2-1","CASGGTGGANYAEQFF",3
713,"TRBV14","TRBJ2-7","CASRLTGGGEQYF",38
714,"TRBV13-1","TRBJ1-1","CASNSSDRANTEVFF",4
715,"TRBV5","TRBJ2-7","CASSHRDRSSYEQYF",4
716,"TRBV13-3","TRBJ2-7","CASSVTGGNEQYF",6
717,"TRBV30","TRBJ2-5","CSSRDWQDTQYF",3
718,"TRBV31","TRBJ2-1","CAWRTGGYAEQFF",6
719,"TRBV13-1","TRBJ2-1","CASSETVYAEQFF",6
720,"TRBV15","TRBJ2-7","CASSLGDNSYEQYF",6
721,"TRBV4","TRBJ1-1","CASSYGRGNTEVFF",8
722,"TRBV15","TRBJ2-3","CASRRQGASAETLYF",3
723,"TRBV15","TRBJ2-3","CASRGLGGRTETLYF",3
724,"TRBV30","TRBJ1-1","CSSTREEVFF",3
725,"TRBV31","TRBJ2-1","CAWSLAGGYAEQFF",6
726,"TRBV4","TRBJ2-3","CASSPPGVSAETLYF",5
727,"TRBV13-1","TRBJ2-7","CASSGGLLEQYF",12
728,"TRBV16","TRBJ2-2","CASSTGTANTGQLYF",10
729,"TRBV16","TRBJ2-5","CASSLALGKDTQYF",7
730,"TRBV17","TRBJ2-3","CASSRAGGAETLYF",3
731,"TRBV19","TRBJ1-6","CASSMGTGRNSPLYF",7
732,"TRBV31","TRBJ1-1","CAWRQGANTEVFF",8
733,"TRBV1","TRBJ2-1","CTCSEGQNYAEQFF",49
734,"TRBV1","TRBJ2-5","CTCSARDIQDTQYF",4
735,"TRBV13-3","TRBJ1-4","CASSDRDRVNERLFF",5
736,"TRBV13-2","TRBJ1-4","CASGVKISNERLFF",5
737,"TRBV15","TRBJ2-5","CASSSGQQDTQYF",7
738,"TRBV26","TRBJ2-2","CASSLGGHNTGQLYF",4
739,"TRBV16","TRBJ1-2","CASSLRDRNSDYTF",3
740,"TRBV1","TRBJ2-1","CTCSADGARAEQFF",10
741,"TRBV1","TRBJ2-4","CTCSAANSQNTLYF",5
742,"TRBV1","TRBJ2-3","CTCSARSGGAETLYF",3
743,"TRBV13-2","TRBJ2-7","CASGGTTYEQYF",3
744,"TRBV15","TRBJ2-4","CASRVTDQNTLYF",13
745,"TRBV13-3","TRBJ1-2","CASSVTVNSDYTF",35
746,"TRBV31","TRBJ2-7","CAWSLYF",239
747,"TRBV14","TRBJ2-2","CASSRDNTGQLYF",6
748,"TRBV16","TRBJ1-4","CASSPRGDERLFF",3
749,"TRBV16","TRBJ1-3","CASSLRDNSGNTLYF",10
750,"TRBV13-2","TRBJ2-7","CASGDAGWGGEQYF",3
751,"TRBV13-3","TRBJ2-5","CASSLGNQDTQYF",45
752,"TRBV4","TRBJ2-5","CASSLGTGQDTQYF",3
753,"TRBV3","TRBJ2-2","CASSLALRANTGQLYF",3
754,"TRBV13-3","TRBJ2-3","CASSYRDRSSAETLYF",3
755,"TRBV13-2","TRBJ1-6","CASGDVSYNSPLYF",5
756,"TRBV5","TRBJ1-1","CASSPRGQTNTEVFF",7
757,"TRBV13-2","TRBJ2-5","CASGDIRDQDTQYF",3
758,"TRBV13-1","TRBJ2-5","CASSEARGLQDTQYF",6
759,"TRBV13-1","TRBJ2-5","CASRPLRDTQYF",18
760,"TRBV16","TRBJ1-4","CASSLPRDNERLFF",3
761,"TRBV15","TRBJ2-7","CASSFWGGEQYY",3
762,"TRBV5","TRBJ2-7","CASSQDRDRVEQYF",3
763,"TRBV31","TRBJ1-4","CAWRTGTGGNERLFF",9
764,"TRBV31","TRBJ1-2","CAWSLDRGGNSDYTF",6
765,"TRBV16","TRBJ2-1","CASSLPRGDNYAEQFF",7
766,"TRBV2","TRBJ2-1","CASSQEAWGGDAEQFF",3
767,"TRBV13-1","TRBJ2-7","CASSEDRSYEQYF",18
768,"TRBV5","TRBJ2-7","CASSQEGDWGREQYF",5
769,"TRBV31","TRBJ1-4","CAWSPLQGKISNERLFF",85
770,"TRBV5","TRBJ1-4","CASSDDNERLFF",3
771,"TRBV14","TRBJ2-1","CASFGVAEQFF",20
772,"TRBV5","TRBJ2-3","CASSQDEGAETLYF",10
773,"TRBV13-1","TRBJ2-7","CASSDELVSYEQYF",4
774,"TRBV5","TRBJ2-5","CASSHAGTGGAPDTQYF",12
775,"TRBV3","TRBJ1-1","CASSFDRNTEVFF",4
776,"TRBV13-2","TRBJ2-5","CASGGQQDTQYF",3
777,"TRBV13-1","TRBJ1-1","CASSESHGTEVFF",7
778,"TRBV13-3","TRBJ1-2","CASSDDRANSDYTF",63
779,"TRBV15","TRBJ2-7","CASSRQGYEQYF",48
780,"TRBV13-2","TRBJ2-1","CASGDALGGPYAEQFF",3
781,"TRBV13-1","TRBJ1-5","CASSGPGQNNNQAPLF",23
782,"TRBV13-3","TRBJ2-4","CASRDNSQNTLYF",62
783,"TRBV4","TRBJ2-7","CASSLDWGEQYF",7
784,"TRBV2","TRBJ2-2","CASSQDSANTGQLYF",3
785,"TRBV31","TRBJ1-4","CAWRGQGGERLFF",26
786,"TRBV13-2","TRBJ2-2","CASGGLGGTGQLYF",11
787,"TRBV1","TRBJ1-6","CTCSVQNSPLYF",3
788,"TRBV13-1","TRBJ1-6","CASSDRDSPLYF",4
789,"TRBV16","TRBJ2-3","CASSLMGTSAETLYF",12
790,"TRBV13-2","TRBJ2-1","CASGSGTGWAEQFF",12
791,"TRBV4","TRBJ2-7","CASSYGLGGLGEQYF",3
792,"TRBV31","TRBJ1-6","CAWSTGQRGSPLYF",6
793,"TRBV13-3","TRBJ2-7","CASSELGGPYEQYF",3
794,"TRBV15","TRBJ2-3","CAKPRTASAETLYF",41
795,"TRBV13-1","TRBJ1-2","CASSDAETTNSDYTF",4
796,"TRBV17","TRBJ2-2","CASSSPGGNTGQLYF",9
797,"TRBV29","TRBJ1-4","CASSLGDNSNERLFF",6
798,"TRBV4","TRBJ2-2","CASSPPGATNTGQLYF",5
799,"TRBV13-3","TRBJ1-6","CASSDRDRGDSPLYF",3
800,"TRBV13-1","TRBJ1-4","CASSDEGEPNERLFF",3
801,"TRBV12-1","TRBJ2-7","CASSLNEQYF",5
802,"TRBV1","TRBJ1-6","CTCGTGSYNSPLYF",70
803,"TRBV13-3","TRBJ1-1","CASSGDRDTEVFF",22
804,"TRBV19","TRBJ1-1","CASSPQANTEVFF",3
805,"TRBV15","TRBJ2-5","CASSLQDTQYF",6
806,"TRBV29","TRBJ2-5","CASSQSRQQDTQYF",50
807,"TRBV26","TRBJ1-2","CASSWTNANSDYTF",23
808,"TRBV5","TRBJ2-3","CASSQDLAAETLYF",3
809,"TRBV16","TRBJ1-5","CASSLEGRGANQAQLF",3
810,"TRBV1","TRBJ1-2","STCLDRGNSDYTF",4
811,"TRBV14","TRBJ2-4","CASSRRDWEGNQNTLYF",10
812,"TRBV13-3","TRBJ2-4","CASSGGHVSQNTLYF",5
813,"TRBV14","TRBJ1-4","CASSLRDRGFSNERLFF",5
814,"TRBV13-3","TRBJ2-1","CASSAGQNAEQFF",3
815,"TRBV5","TRBJ2-1","CASSQDRGYAEQFF",11
816,"TRBV5","TRBJ1-6","CASSQAYNSPLYF",9
817,"TRBV16","TRBJ2-7","CASSQTGYEQYF",3
818,"TRBV19","TRBJ1-1","CASRTGTEVFF",3
819,"TRBV2","TRBJ1-4","CASSSPGAANERLFF",3
820,"TRBV14","TRBJ2-3","CASSPTGGYAETLYF",3
821,"TRBV5","TRBJ2-7","CASSPPGLGGRREQYF",44
822,"TRBV16","TRBJ2-7","CASSLEGDEQYF",4
823,"TRBV13-2","TRBJ1-5","CASGGPGHSQAPLF",3
824,"TRBV13-2","TRBJ2-5","CASGAAPGQGEDTQYF",10
825,"TRBV26","TRBJ2-4","CASSLGGGNTLYF",15
826,"TRBV31","TRBJ2-7","CAWSTGRYEQYF",3
827,"TRBV13-2","TRBJ1-5","CASGAGRDNQAPLF",8
828,"TRBV31","TRBJ2-7","CAWTPGQGYEQYF",3
829,"TRBV13-2","TRBJ2-2","CASGEGGALGQLYF",7
830,"TRBV13-1","TRBJ2-5","CASSAGTEDTQYF",95
831,"TRBV12-1","TRBJ2-3","CASSTRGRGAETLYF",8
832,"TRBV13-2","TRBJ2-3","CASGAGTETLYF",11
833,"TRBV19","TRBJ1-4","CASSMGTDERLFF",5
834,"TRBV17","TRBJ2-5","CASSRLGQDTQYF",6
835,"TRBV13-2","TRBJ2-7","CASGDELYEQYF",14
836,"TRBV3","TRBJ2-7","CASSQSSYEQYF",6
837,"TRBV13-2","TRBJ1-2","CASGPGTGGANSDYTF",3
838,"TRBV13-1","TRBJ2-7","CASSGREQYF",3
839,"TRBV16","TRBJ2-5","CASSRLGADTQYF",8
840,"TRBV20","TRBJ1-2","CGARDLANSDYTF",3
841,"TRBV13-1","TRBJ2-7","CASSEAGGALYEQYF",3
842,"TRBV13-2","TRBJ2-4","CASGMGFRDRGNTLYF",3
843,"TRBV31","TRBJ2-5","CAWSPPGHQDTQYF",15
844,"TRBV13-3","TRBJ2-1","CASSDQGFYAEQFF",3
845,"TRBV15","TRBJ2-1","CASSPGTGDYAEQFF",19
846,"TRBV1","TRBJ2-7","CTCSAGDKLYEQYF",6
847,"TRBV13-3","TRBJ1-2","CASSQGISDYTF",5
848,"TRBV4","TRBJ2-5","CASSYVGVNQDTQYF",8
849,"TRBV31","TRBJ1-4","CAWSPLSNERLFF",3
850,"TRBV13-2","TRBJ1-4","CASGDARTGVDERLFF",3
851,"TRBV5","TRBJ2-5","CASSWGLGGQDTQYF",3
852,"TRBV31","TRBJ2-5","CAWSVQGVQDTQYF",13
853,"TRBV13-1","TRBJ1-1","CASSDEGGNTEVFF",7
854,"TRBV13-1","TRBJ1-2","CASSDDLNSDYTF",4
855,"TRBV13-3","TRBJ1-6","CASKQGYSYNSPLYF",4
856,"TRBV16","TRBJ2-7","CASSADWGGYEQYF",11
857,"TRBV30","TRBJ2-2","CSSRDQTNTGQLYF",5
858,"TRBV5","TRBJ2-1","CASSQGTGGLNYAEQFF",4
859,"TRBV31","TRBJ2-1","CAWSRGQGGYAEQFF",9
860,"TRBV20","TRBJ2-1","CGARDWGGAEQFF",3
861,"TRBV13-1","TRBJ2-5","CASSEQGKDTQYF",3
862,"TRBV5","TRBJ2-4","CASSQEARGNTLYF",9
863,"TRBV13-1","TRBJ2-5","CASSEGQNQDTQYF",3
864,"TRBV5","TRBJ2-7","CASSQGTGGYEQYF",138
865,"TRBV1","TRBJ1-1","CTCSADRGANTEVFF",16
866,"TRBV16","TRBJ1-1","CASSLAGGSNTEVFF",3
867,"TRBV16","TRBJ2-4","CASSLQGYSSQNTLYF",3
868,"TRBV2","TRBJ2-1","CASSQGWENYAEQFF",3
869,"TRBV13-2","TRBJ1-5","CASAQKNNQAPLF",3
870,"TRBV13-3","TRBJ2-7","CASSEEGAREQYF",3
871,"TRBV4","TRBJ1-4","CASSWDRGANERLFF",4
872,"TRBV3","TRBJ1-1","CASSAGTGGVFF",3
873,"TRBV13-1","TRBJ2-5","CASSGDRGFNQDTQYF",3
874,"TRBV13-2","TRBJ2-7","CASGDPGPEYF",5
875,"TRBV13-2","TRBJ2-1","CASGPWGNYAEQFF",6
876,"TRBV16","TRBJ2-1","CASSLELGEYAEQFF",4
877,"TRBV29","TRBJ1-2","CASSLLGNSDYTF",4
878,"TRBV1","TRBJ1-1","CTCSADEGDTEVFF",3
879,"TRBV19","TRBJ2-5","CASSYWGGAKDTQYF",3
880,"TRBV15","TRBJ2-1","CASSLLLGNYAEQFF",3
881,"TRBV2","TRBJ1-3","CASSQDPSGNTLYF",3
882,"TRBV5","TRBJ2-5","CASSPRDNNQDTQYF",3
883,"TRBV12-2","TRBJ2-1","CASSLGTGGAAEQFF",8
884,"TRBV13-2","TRBJ2-5","CASGVSGGSTQYF",5
885,"TRBV14","TRBJ2-4","CASSHRDRAHQNTLYF",9
886,"TRBV15","TRBJ2-2","CASSFTNTGQLYF",3
887,"TRBV13-3","TRBJ2-3","CASSDAGVAETLYF",5
888,"TRBV29","TRBJ2-5","CASRGQEDTQYF",3
889,"TRBV13-2","TRBJ2-7","CASGWDRAYEQYF",3
890,"TRBV29","TRBJ2-2","CASSFRRGVTGQLYF",3
891,"TRBV5","TRBJ2-7","CASSHGTGVEQYF",3
892,"TRBV5","TRBJ2-4","CASSQDHWGQNTLYF",16
893,"TRBV15","TRBJ2-1","CASSSDRGAEQFF",3
894,"TRBV14","TRBJ2-7","CASSLRQYEQYF",4
895,"TRBV13-2","TRBJ2-5","CASGDDGTEDTQYF",40
896,"TRBV5","TRBJ2-4","CASSQVGGISQNTLYF",3
897,"TRBV13-3","TRBJ1-2","CASSDNQPANSDYTF",3
898,"TRBV16","TRBJ2-4","CASSRQGAQNTLYF",3
899,"TRBV17","TRBJ1-3","CASSLGRSGNTLYF",3
900,"TRBV1","TRBJ2-1","CTCSAGGARAEQFF",3
901,"TRBV13-3","TRBJ2-2","CASSDVGGANTGQLYF",3
902,"TRBV4","TRBJ2-4","CASSHDRGQNTLYF",9
903,"TRBV13-1","TRBJ1-3","CASRDSSGNTLYF",49
904,"TRBV1","TRBJ2-2","CTCSAGQNTGQLYF",117
905,"TRBV12-1","TRBJ2-7","CASSLEARYEQYF",3
906,"TRBV13-1","TRBJ2-7","CASSDRVYEQYF",20
907,"TRBV13-1","TRBJ2-5","CASSDAQFKQDTQYF",74
908,"TRBV13-1","TRBJ2-3","CASSPGGGAETLYF",8
909,"TRBV17","TRBJ2-2","CASSRATANTGQLYF",20
910,"TRBV4","TRBJ2-7","CASSRDWGAYEQYF",3
911,"TRBV13-3","TRBJ1-2","CASSDRRGADSDYTF",3
912,"TRBV31","TRBJ2-3","CAWRDREGWAETLYF",6
913,"TRBV13-2","TRBJ2-1","CASGDLGWDAEQFF",3
914,"TRBV13-2","TRBJ2-5","CASGKQGGDTQYF",44
915,"TRBV13-2","TRBJ2-5","CASGDARDRGHQDTQYF",3
916,"TRBV13-1","TRBJ1-1","CASSDQSNTEVFF",3
917,"TRBV29","TRBJ2-5","CASSPGQGWDTQYF",3
918,"TRBV13-2","TRBJ2-7","CASGGTGEGEQYF",3
919,"TRBV13-3","TRBJ2-3","CASSDRGGSAETLYF",5
920,"TRBV3","TRBJ2-5","CASSQTPGGGQDTQYF",5
921,"TRBV13-1","TRBJ2-1","CASRDRGRAEQFF",3
922,"TRBV31","TRBJ1-6","CAWSRDNYNSPLYF",3
923,"TRBV13-3","TRBJ2-1","CASSERDNNYAEQFF",66
924,"TRBV19","TRBJ2-3","CASSPSGVGAETLYF",36
925,"TRBV3","TRBJ2-4","CASSSGTQNTLYF",3
926,"TRBV20","TRBJ1-1","CGARQGANTEVFF",3
927,"TRBV31","TRBJ1-6","CAWSLLRQNSPLYF",15
928,"TRBV1","TRBJ2-7","CTCSAPGGGYEQYF",9
929,"TRBV31","TRBJ2-1","CAWSLDNYAEQFF",9
930,"TRBV17","TRBJ2-7","CASSRDLNEQYF",4
931,"TRBV13-1","TRBJ1-2","CASSGRRNSDYTF",16
932,"TRBV2","TRBJ1-6","CASSQEGQNNSPLYF",6
933,"TRBV4","TRBJ2-3","CASSQLGTSAETLYF",6
934,"TRBV13-1","TRBJ1-4","CASRRDRGGERLFF",8
935,"TRBV29","TRBJ2-7","CASSKGQSYEQYF",3
936,"TRBV16","TRBJ2-4","CASSPGLGRNTLYF",4
937,"TRBV13-2","TRBJ1-4","CASGDAGGRPNERLFF",6
938,"TRBV16","TRBJ2-5","CASSFPGNQDTQYF",4
939,"TRBV12-1","TRBJ1-4","CASSGTVNERLFF",3
940,"TRBV12-1","TRBJ2-4","CASSRDWGNTLYF",3
941,"TRBV13-1","TRBJ1-3","CASRQALSGNTLYF",3
942,"TRBV3","TRBJ2-4","CASSSGTGNTLYF",5
943,"TRBV13-2","TRBJ2-2","CASGDAWGGGTGQLYF",4
944,"TRBV13-1","TRBJ1-1","CASSALTGGGTEVFF",4
945,"TRBV14","TRBJ1-1","CASRDTEVFF",3
946,"TRBV4","TRBJ1-1","CASSYGGQGVANTEVFF",9
947,"TRBV3","TRBJ1-4","CASSFTGNRPERLFF",5
948,"TRBV19","TRBJ2-7","CASSLPTPYEQYF",3
949,"TRBV13-1","TRBJ1-5","CASSSGTGYQAPLF",3
950,"TRBV13-1","TRBJ1-3","CASSPRDRGLGNTLYF",5
951,"TRBV13-2","TRBJ2-4","CASGEKGAITLYF",3
952,"TRBV19","TRBJ1-4","CASTGTGGHERLFF",5
953,"TRBV4","TRBJ1-3","CASREDSGNTLYF",4
954,"TRBV20","TRBJ1-1","CGAREDRATEVFF",14
955,"TRBV13-2","TRBJ2-5","CASGDEGGQDTQYL",3
956,"TRBV17","TRBJ2-5","CASSRLPWGKDTQYF",3
957,"TRBV5","TRBJ2-3","CASSPDFSETLYF",9
958,"TRBV19","TRBJ1-1","CASSRREVFF",11
959,"TRBV1","TRBJ2-4","CTCSAAGGAGQNTLYF",52
960,"TRBV13-3","TRBJ2-7","CASSGRDYEQYF",3
961,"TRBV13-2","TRBJ2-7","CASGSRQSSYEQYF",15
962,"TRBV16","TRBJ2-2","CASSPPGQGNTGQLYF",5
963,"TRBV13-2","TRBJ2-4","CASGDPGVNTLYF",4
964,"TRBV13-3","TRBJ2-7","CASSDAGLGAYEQYF",5
965,"TRBV13-2","TRBJ2-3","CASGGGLGDAETLYF",3
966,"TRBV13-1","TRBJ2-3","CASSGTGGALYF",3
967,"TRBV16","TRBJ2-2","CASSLPRGTSNTGQLYF",3
968,"TRBV1","TRBJ1-3","CTCSAPSSGNTLYF",6
969,"TRBV12-2","TRBJ2-1","CASSPPGAGAEQFF",3
970,"TRBV3","TRBJ2-1","CASSPTGGGYAEQFF",27
971,"TRBV13-1","TRBJ2-2","CASSDAGQNTGQLYF",3
972,"TRBV13-3","TRBJ2-7","CASSAGTEYEQYF",4
973,"TRBV1","TRBJ2-7","CTCSAGVEQYF",29
974,"TRBV16","TRBJ2-1","CASSRTGGYNYAEQFF",25
975,"TRBV16","TRBJ2-4","CASSLDGAGEDTLYF",7
976,"TRBV15","TRBJ2-7","CASSLGWDHEQYF",3
977,"TRBV5","TRBJ2-7","CASSQKDWRYEQYF",34
978,"TRBV20","TRBJ2-2","CGVRDWGDTGQLYF",4
979,"TRBV1","TRBJ1-3","CTCSPGQTGNTLYF",14
980,"TRBV13-2","TRBJ1-2","CASGTPNSDYTF",9
981,"TRBV1","TRBJ2-3","CTCSAAGQGGGAETLYF",5
982,"TRBV13-2","TRBJ2-5","CASGDLGRQDTQYF",4
983,"TRBV3","TRBJ2-7","CASSLGGGTEQYF",3
984,"TRBV14","TRBJ2-7","CASSFPGAFYEQYF",3
985,"TRBV15","TRBJ2-2","CASSSTGGANTGQLYF",5
986,"TRBV13-1","TRBJ2-5","CASSPPSGTGEDTQYF",39
987,"TRBV19","TRBJ2-4","CASNGGRQNTLYF",32
988,"TRBV13-3","TRBJ1-2","CASSDQRGANSDYTF",3
989,"TRBV19","TRBJ1-1","CASSIQGTEVFF",43
990,"TRBV19","TRBJ2-1","CASADRGIAEQFF",3
991,"TRBV13-2","TRBJ1-5","CASGGHRGDNQAPLF",3
992,"TRBV14","TRBJ2-7","CASSFGQYEQYF",24
993,"TRBV4","TRBJ2-1","CASSYRVAEQFF",3
994,"TRBV13-1","TRBJ2-1","CASSVDRGSDAEQFF",4
995,"TRBV13-3","TRBJ2-2","CASSDGDRVPGQLYF",3
996,"TRBV16","TRBJ2-7","CASSLWDWGHEQYF",6
997,"TRBV5","TRBJ2-4","CASSQESGQGAYQNTLYF",4
998,"TRBV19","TRBJ2-4","CASSIFGERNTLYF",3
999,"TRBV13-2","TRBJ2-7","CASGDQGAHEQYF",16
1000,"TRBV13-2","TRBJ2-5","CASGGVNQDTQYF",11
1001,"TRBV3","TRBJ2-7","CASSGDWGDYEQYF",5
1002,"TRBV12-1","TRBJ1-5","CASSRTGDNQAPLF",5
1003,"TRBV13-2","TRBJ1-1","CASGDGTAANTEVFF",17
1004,"TRBV1","TRBJ1-4","CTCSAAGTGDGERLFF",3
1005,"TRBV16","TRBJ2-4","CASSRPGTGENTLYF",7
1006,"TRBV13-2","TRBJ1-1","CASGTGGTEVFF",4
1007,"TRBV1","TRBJ2-1","CTCSETGGYAEQFF",12
1008,"TRBV12-1","TRBJ2-7","CASSLGLAEQYF",9
1009,"TRBV13-3","TRBJ1-2","CASRDSANSDYTF",7
1010,"TRBV16","TRBJ1-2","CASSGTGQNSDYTF",7
1011,"TRBV16","TRBJ2-1","CASSFRDIYAEQFF",6
1012,"TRBV13-1","TRBJ2-5","CASSPGKDTQYF",9
1013,"TRBV13-2","TRBJ2-5","CASGYRVRQDTQYF",3
1014,"TRBV13-3","TRBJ1-5","CASSDVRGQAPLF",4
1015,"TRBV13-2","TRBJ1-5","CASGDARTGGWAPLF",6
1016,"TRBV13-3","TRBJ2-5","CASSGTGGVQDTQYF",4
1017,"TRBV12-1","TRBJ1-6","CASSLGQNNSPLYF",3
1018,"TRBV31","TRBJ2-3","CAWGTGGGAETLYF",3
1019,"TRBV17","TRBJ2-7","CASSRAGYEQYF",7
1020,"TRBV19","TRBJ2-4","CASSITGGQNTLYF",6
1021,"TRBV31","TRBJ2-7","CAWSLGDSYEQYF",12
1022,"TRBV13-1","TRBJ2-4","CASSPSGVDTLYF",4
1023,"TRBV4","TRBJ1-4","CASSLRDRANERLFF",13
1024,"TRBV3","TRBJ1-2","CASSLEQGNSDYTF",3
1025,"TRBV29","TRBJ1-4","CASSSVSNERLFF",32
1026,"TRBV31","TRBJ1-5","CAWRDSNNQAPLF",7
1027,"TRBV5","TRBJ2-7","CASSLRGSYEQYF",28
1028,"TRBV13-2","TRBJ2-2","CASGDWGGNTGQLYF",3
1029,"TRBV14","TRBJ2-5","CASSLTGGNQDTQYF",22
1030,"TRBV13-1","TRBJ2-1","CASSGQYAEQFF",10
1031,"TRBV16","TRBJ2-3","CASSLAGGRAETLYF",6
1032,"TRBV5","TRBJ1-4","CASSLSTGHNERLFF",3
1033,"TRBV31","TRBJ2-3","CAWSPRGSAETLYF",11
1034,"TRBV14","TRBJ2-3","CASSGTGGTIAETLYF",3
1035,"TRBV16","TRBJ2-4","CASSSGLGESQNTLYF",3
1036,"TRBV16","TRBJ1-6","CASSSTGYNSPLYF",5
1037,"TRBV17","TRBJ2-4","CASSRGGASQNTLYF",3
1038,"TRBV13-2","TRBJ2-7","CASGDYEQYF",10
1039,"TRBV3","TRBJ2-7","CASSPTGSYEQYF",3
1040,"TRBV13-3","TRBJ1-4","CASSEDRGNERLFF",8
1041,"TRBV13-3","TRBJ2-4","CASSEGQNTLYF",4
1042,"TRBV29","TRBJ1-1","CASRSGTEVFF",4
1043,"TRBV31","TRBJ2-3","CAWSLAGSAETLYF",3
1044,"TRBV16","TRBJ2-3","CASSLETGLSAETLYF",3
1045,"TRBV5","TRBJ1-1","CASSQGTGGSTEVFF",4
1046,"TRBV13-1","TRBJ2-2","CASSDSGANTGQLYF",14
1047,"TRBV16","TRBJ1-2","CASSPDRGDSDYTF",3
1048,"TRBV4","TRBJ1-3","CASKTWGNSGNTLYF",3
1049,"TRBV13-2","TRBJ1-1","CASGGQSNTEVFF",3
1050,"TRBV16","TRBJ2-5","CASSLGGQDTQYF",47
1051,"TRBV13-1","TRBJ1-4","CASSDARLSNERLFF",3
1052,"TRBV15","TRBJ2-5","CASSFGGKDTQYF",3
1053,"TRBV3","TRBJ2-2","CASSFGTANTGQLYF",5
1054,"TRBV15","TRBJ2-3","CASSLDSSAETLYF",67
1055,"TRBV16","TRBJ2-7","CASSSGLGIEQYF",4
1056,"TRBV16","TRBJ1-4","CASSQQVPNERLFF",3
1057,"TRBV13-3","TRBJ2-5","CASRGLGQDTQYF",3
1058,"TRBV16","TRBJ2-7","CASSLASGGYEQYF",3
1059,"TRBV13-2","TRBJ2-7","CASGNYEQYF",4
1060,"TRBV5","TRBJ2-5","CASSQDWGEEDTQYF",3
1061,"TRBV13-1","TRBJ1-1","CATGTGGTEVFF",6
1062,"TRBV17","TRBJ2-5","CEVLGGDTQYF",6
1063,"TRBV16","TRBJ1-1","CASSPDTEVFF",3
1064,"TRBV13-1","TRBJ1-6","CASSDAEGNSPLYF",5
1065,"TRBV5","TRBJ2-5","CASSHWGGIQDTQYF",11
1066,"TRBV19","TRBJ2-1","CASSMEGGNYAEQFF",3
1067,"TRBV20","TRBJ1-4","CGARSRDTEISNERLFF",3
1068,"TRBV13-1","TRBJ1-1","CASSVGARDTEVFF",4
1069,"TRBV16","TRBJ2-1","CASSLAGGDAEQFF",29
1070,"TRBV20","TRBJ2-7","CGAGLGGYEQYF",5
1071,"TRBV12-2","TRBJ2-7","CASSLGGQGPYEQYF",8
1072,"TRBV31","TRBJ2-2","CAWTQGDTGQLYF",5
1073,"TRBV13-2","TRBJ2-4","CASGGLGDNTLYF",3
1074,"TRBV13-3","TRBJ1-2","RASRRQGANSDYTF",4
1075,"TRBV2","TRBJ1-4","CASSPDRGERLFF",9
1076,"TRBV29","TRBJ1-4","CASSGDRGHERLFF",3
1077,"TRBV5","TRBJ2-7","CASSQEGFEQYF",21
1078,"TRBV13-2","TRBJ2-7","CASGDATGREQYF",3
1079,"TRBV5","TRBJ1-1","CASSPGTSNTEVFF",28
1080,"TRBV13-3","TRBJ2-4","CASSEVLGFSQNTLYF",4
1081,"TRBV31","TRBJ2-3","CAWSLLGVAETLYF",3
1082,"TRBV31","TRBJ2-1","CAWRGTGNYAEQFF",16
1083,"TRBV29","TRBJ1-2","CASSSGTGGISDYTF",17
1084,"TRBV16","TRBJ1-4","CASSLESNERLFF",4
1085,"TRBV17","TRBJ2-5","CASSRDVDRGLQDTQYF",5
1086,"TRBV13-1","TRBJ1-1","CASSDGRENTEVFF",3
1087,"TRBV3","TRBJ1-5","CASSLEENQAPLF",3
1088,"TRBV13-1","TRBJ1-1","CASSDAFRGGVFF",3
1089,"TRBV13-2","TRBJ2-1","CASGAGTGVAEQFF",7
1090,"TRBV13-1","TRBJ1-1","CASSDAATNTEVFF",6
1091,"TRBV16","TRBJ2-2","CASSSPAGTLNTGQLYF",3
1092,"TRBV14","TRBJ2-7","CASSFRTGEGEQYF",3
1093,"TRBV13-3","TRBJ2-2","CASSPLGGRGTGQLYF",4
1094,"TRBV16","TRBJ2-7","CASSPWGGASYEQYF",3
1095,"TRBV5","TRBJ2-1","CASSQGTGGAEQFF",6
1096,"TRBV20","TRBJ2-1","CGARRDRNYAEQFF",7
1097,"TRBV13-1","TRBJ1-1","CASSDDRGANTEVFF",4
1098,"TRBV13-1","TRBJ2-2","CASVGTGGTGQLYF",9
1099,"TRBV13-2","TRBJ1-1","CASGGHRGRDTEVFF",4
1100,"TRBV16","TRBJ2-7","CASSLSRDYEQYF",7
1101,"TRBV14","TRBJ2-4","CASSRRAGQNTLYF",4
1102,"TRBV15","TRBJ2-3","CASSGQASAETLYF",43
1103,"TRBV31","TRBJ2-7","CAWRGTGGAREQYF",26
1104,"TRBV1","TRBJ1-6","CTCSADRGRGPNSPLYF",3
1105,"TRBV29","TRBJ2-2","CASSGGANTGQLYF",17
1106,"TRBV31","TRBJ2-7","CAWRPTFYEQYF",3
1107,"TRBV1","TRBJ2-1","CTCKGTGDAEQFF",6
1108,"TRBV5","TRBJ2-3","CASSRPGGAAETLYF",3
1109,"TRBV1","TRBJ2-5","CTCSADGQDTQYF",5
1110,"TRBV5","TRBJ2-2","CASSQEGNTGQLYF",13
1111,"TRBV4","TRBJ2-1","CASSIRDWGAEQFF",10
1112,"TRBV13-1","TRBJ2-7","CASSDANGGATEQYF",4
1113,"TRBV13-2","TRBJ2-4","CASGQTGGENTLYF",3
1114,"TRBV14","TRBJ2-5","CASSLRLGGWDTQYF",12
1115,"TRBV13-1","TRBJ1-1","CASSPDTTEVFF",15
1116,"TRBV12-1","TRBJ2-3","CASSLGTAETLYF",3
1117,"TRBV2","TRBJ2-5","CASSQDIGGINQDTQHF",3
1118,"TRBV4","TRBJ2-7","CASSSGSPYEQYF",3
1119,"TRBV13-2","TRBJ2-7","CASGGTGGREQYF",3
1120,"TRBV16","TRBJ2-1","CASSPDRPYAEQFF",25
1121,"TRBV4","TRBJ2-5","CASSQAGAQDTQYF",4
1122,"TRBV29","TRBJ2-4","CASSLRGQNTLYF",9
1123,"TRBV5","TRBJ1-2","CASSQDSANSDYTF",17
1124,"TRBV31","TRBJ1-4","CAWSPRQGQISNERLFF",3
1125,"TRBV13-3","TRBJ1-1","CASMDRGPVTEVFF",3
1126,"TRBV17","TRBJ2-5","CASSRRGINQDTQYF",3
1127,"TRBV13-1","TRBJ1-4","CASSDADGLHERLFF",7
1128,"TRBV2","TRBJ1-4","CASSQEHRSLNERLFF",3
1129,"TRBV13-3","TRBJ1-2","CASSDRDLANSDYTF",8
1130,"TRBV29","TRBJ2-5","CASSLEGDTQYF",3
1131,"TRBV14","TRBJ2-4","CASSLGSSQNTLYF",7
1132,"TRBV13-2","TRBJ2-5","CASGGQGDQDTQYF",17
1133,"TRBV13-3","TRBJ2-4","CASSDWGGSQNTLYF",18
1134,"TRBV16","TRBJ2-2","CASSLLLNTGQLYF",30
1135,"TRBV17","TRBJ1-3","CASSRGGNSGNTLYF",3
1136,"TRBV13-1","TRBJ1-3","CASSGGQGRGNTLYF",3
1137,"TRBV19","TRBJ2-4","CASSIERTSQNTLYF",5
1138,"TRBV13-2","TRBJ2-3","CASGGIAETLYF",5
1139,"TRBV14","TRBJ2-7","CASSEAGGARSSYEQYF",3
1140,"TRBV19","TRBJ2-3","CASSGPGTGGRGAETLYF",3
1141,"TRBV31","TRBJ1-2","CAWSLAATNSDYTF",19
1142,"TRBV20","TRBJ1-1","CGARDQNTEVFF",15
1143,"TRBV16","TRBJ2-7","CASSLDGGVSYEQYF",6
1144,"TRBV13-2","TRBJ2-4","CASGPRNTLYF",26
1145,"TRBV3","TRBJ2-5","CASSLDWGEDTQYF",8
1146,"TRBV16","TRBJ2-5","CASSFVNQDTQYF",3
1147,"TRBV1","TRBJ2-7","CTCSAVGDEQYF",3
1148,"TRBV12-1","TRBJ2-1","CASSLGDWAYAEQFF",3
1149,"TRBV31","TRBJ2-5","CAWSLWDWGDTQYF",3
1150,"TRBV29","TRBJ1-6","CASSFGYNSPLYF",4
1151,"TRBV13-3","TRBJ2-1","CASSLTGGGNYAEQFF",3
1152,"TRBV2","TRBJ2-1","CASSHPGTSYAEQFF",19
1153,"TRBV13-2","TRBJ1-3","CASGDLYSGNTLYF",6
1154,"TRBV13-2","TRBJ2-7","CASDDAWGVYEQYF",3
1155,"TRBV13-1","TRBJ2-1","CASSGQGAHAEQFF",3
1156,"TRBV16","TRBJ2-4","CASSFSGGSSQNTLYF",6
1157,"TRBV13-2","TRBJ1-2","CASASNSDYTF",5
1158,"TRBV19","TRBJ2-1","CASSIVDAEQFF",3
1159,"TRBV15","TRBJ2-1","CASSFQGARAEQFF",12
1160,"TRBV4","TRBJ1-4","CASSLQGVSNERLFF",4
1161,"TRBV13-1","TRBJ1-1","CASSYDRGEVFF",4
1162,"TRBV31","TRBJ1-3","CAWNPPDRGGNTLYF",4
1163,"TRBV16","TRBJ2-5","CASSLTADTQYF",3
1164,"TRBV5","TRBJ2-7","CASSPGTGTYEQYF",3
1165,"TRBV15","TRBJ2-2","CASSRLGGRGTGQLYF",3
1166,"TRBV31","TRBJ2-1","CAWRRLGGYAEQFF",4
1167,"TRBV5","TRBJ2-3","CASSQDWLSAETLYF",11
1168,"TRBV14","TRBJ2-4","CASSYASQNTLYF",12
1169,"TRBV13-3","TRBJ1-2","CASSDAMTGTANSDYTF",5
1170,"TRBV13-2","TRBJ2-5","CASGDDREDTQYF",3
1171,"TRBV5","TRBJ2-5","CASSQDRDRQDTQYF",9
1172,"TRBV13-2","TRBJ2-4","CASGSTSQNTLYF",11
1173,"TRBV31","TRBJ1-3","CAWSPRGGNTLYF",1543
1174,"TRBV20","TRBJ1-1","CGASRGMDTEVFF",3
1175,"TRBV17","TRBJ1-4","CASSRRRGKDERLFF",6
1176,"TRBV13-2","TRBJ2-7","CASGGGLGGPYEQYF",5
1177,"TRBV20","TRBJ2-3","CGASDSAETLYF",4
1178,"TRBV14","TRBJ2-5","CASSPDIQDTQYF",4
1179,"TRBV5","TRBJ2-7","CASSQDPGYEQYF",4
1180,"TRBV13-1","TRBJ1-5","CASSQGALNQAPLF",3
1181,"TRBV31","TRBJ2-5","CAWSWDNQDTQYF",3
1182,"TRBV17","TRBJ2-4","CASSRRGGSQNTLYF",13
1183,"TRBV1","TRBJ2-7","CTCSAGTGGYEQYF",24
1184,"TRBV13-1","TRBJ2-7","CASSDPGQGDEQYF",3
1185,"TRBV1","TRBJ2-2","CTCSAFGGHTGQLYF",5
1186,"TRBV13-2","TRBJ2-7","CASGDQDRGTEQYF",3
1187,"TRBV13-3","TRBJ2-7","CASSGGLGGAGEQYF",10
1188,"TRBV13-2","TRBJ2-3","CASGTGWSAETLYF",3
1189,"TRBV17","TRBJ2-3","CASSIGDSAETLYF",8
1190,"TRBV4","TRBJ2-4","CASSPWDSQNTLYF",6
1191,"TRBV31","TRBJ1-4","CAWSPPGQGSNERLFF",3
1192,"TRBV19","TRBJ2-3","CASSPLTGGSAETLYF",3
1193,"TRBV13-2","TRBJ1-1","CASGDGHTEVFF",3
1194,"TRBV13-1","TRBJ2-5","CASSERTQDTQYF",17
1195,"TRBV17","TRBJ2-1","CASSRDQGWAEQFF",48
1196,"TRBV1","TRBJ2-2","CTCSGGLGVNTGQLYF",3
1197,"TRBV14","TRBJ2-3","CASSFRLGGAETLYF",15
1198,"TRBV15","TRBJ2-3","CASSFLGVAETLYF",4
1199,"TRBV13-2","TRBJ2-5","CASAPGVNQDTQYF",6
1200,"TRBV12-2","TRBJ2-7","CASSLAWGAYEQYF",3
1201,"TRBV13-3","TRBJ2-1","CASSDPGQGRAEQFF",5
1202,"TRBV13-3","TRBJ2-7","CASSRTGGIEQYF",6
1203,"TRBV16","TRBJ1-1","CASSLEGHANTEVFF",3
1204,"TRBV13-3","TRBJ2-1","CASSDSLGNYAEQFF",3
1205,"TRBV31","TRBJ2-3","CAWSPGQGVAETLYF",3
1206,"TRBV29","TRBJ1-1","CASRSDRGNTEVFF",4
1207,"TRBV13-1","TRBJ1-3","CASSGQAGNTLYF",12
1208,"TRBV4","TRBJ1-4","CASSPGQGANERLFF",31
1209,"TRBV12-2","TRBJ1-1","CASSPGWGNTEVFF",3
1210,"TRBV12-1","TRBJ2-4","CASSVDNQNTLYF",3
1211,"TRBV13-3","TRBJ2-4","CASSPGTGGAPNTLYF",5
1212,"TRBV5","TRBJ2-1","CASSPSGQGYAEQFF",5
1213,"TRBV5","TRBJ2-7","CASSQGTSSYEQYF",8
1214,"TRBV19","TRBJ2-4","CASSLLLGQNTLYF",6
1215,"TRBV13-3","TRBJ2-7","CASSVGGISYEQYF",26
1216,"TRBV13-1","TRBJ2-7","CASGLGVYEQYF",7
1217,"TRBV13-1","TRBJ2-2","CASSGTGQANTGQLYF",9
1218,"TRBV13-1","TRBJ2-3","CASSDALGYAETLYF",33
1219,"TRBV5","TRBJ1-1","CASSQDRVNTEVFF",3
1220,"TRBV2","TRBJ2-1","CARAGGVSYAEQFF",5
1221,"TRBV16","TRBJ2-5","CASSLETGKDTQYF",63
1222,"TRBV2","TRBJ2-7","CASSRLGGYYEQYF",5
1223,"TRBV5","TRBJ2-7","CASSSGGGEQYF",3
1224,"TRBV13-1","TRBJ2-1","CASSAGTGGEQFF",3
1225,"TRBV31","TRBJ2-3","CAWSPWRGSAETLYF",5
1226,"TRBV17","TRBJ2-2","CASSRNRNTGQLYF",10
1227,"TRBV15","TRBJ2-7","CASSPGNYEQYF",3
1228,"TRBV13-1","TRBJ2-1","CASSDVGARAEQFF",6
1229,"TRBV1","TRBJ2-3","CTCSADPGGSDAETLYF",32
1230,"TRBV16","TRBJ2-7","CASSLVRGGGEQYF",10
1231,"TRBV31","TRBJ2-1","CAWSLAGTGGYAEQFF",8
1232,"TRBV15","TRBJ2-7","CASSRDRGLEQYF",6
1233,"TRBV29","TRBJ2-4","CASSFGQNTLYF",3
1234,"TRBV3","TRBJ2-1","CASSLVGTGDAEQFF",3
1235,"TRBV31","TRBJ2-3","CAWRGTGAETLYF",3
1236,"TRBV31","TRBJ1-4","CAWRTGTTNERLFF",164
1237,"TRBV3","TRBJ2-3","CASSPGTASAETLYF",6
1238,"TRBV16","TRBJ2-3","CASSLTGGSSAETLYF",7
1239,"TRBV15","TRBJ1-1","CASSLGANTEVFF",39
1240,"TRBV5","TRBJ1-4","CASSQVGGANERLFF",4
1241,"TRBV13-1","TRBJ2-7","CASSDAGRYEQYF",3
1242,"TRBV29","TRBJ2-7","CASSPDWGGREQYF",5
1243,"TRBV19","TRBJ1-4","CASSIGTGGGERLFF",3
1244,"TRBV13-2","TRBJ2-3","CASAPDWGSAETLYF",3
1245,"TRBV13-2","TRBJ2-3","CASGGQGARAETLYF",6
1246,"TRBV15","TRBJ2-5","CASSPDRVQDTQYF",4
1247,"TRBV31","TRBJ2-2","CAWSPHTDGQLYF",6
1248,"TRBV14","TRBJ1-4","CASSFQISNERLFF",3
1249,"TRBV31","TRBJ1-1","CAWSLGQGDTEVFF",6
1250,"TRBV14","TRBJ2-7","CASSRTGLYEQYF",3
1251,"TRBV13-2","TRBJ1-6","CASGGYNSPLYF",20
1252,"TRBV13-1","TRBJ2-5","CASSARLGGDNQDTQYF",23
1253,"TRBV1","TRBJ1-5","CTCSTDRNQAPLF",3
1254,"TRBV29","TRBJ1-2","CASSQGQANSDYTF",3
1255,"TRBV14","TRBJ2-4","CASSLGQGGSQNTLYF",5
1256,"TRBV13-1","TRBJ2-3","CASSDARVGAETLYF",3
1257,"TRBV13-2","TRBJ1-4","CASGPINERLFF",3
1258,"TRBV13-2","TRBJ2-3","CASGPGRAETLYF",4
1259,"TRBV20","TRBJ2-5","CGATGKGDTQYF",6
1260,"TRBV17","TRBJ2-4","CASSRLGGRNTLYF",4
1261,"TRBV13-1","TRBJ2-4","CASTGQVWRNTLYF",4
1262,"TRBV4","TRBJ2-1","CASSRDWGGNYAEQFF",3
1263,"TRBV13-2","TRBJ2-5","CASGDGSQDTQYF",15
1264,"TRBV31","TRBJ1-4","CAWAGTTNERLFF",18
1265,"TRBV5","TRBJ1-1","CASSQLNANTEVFF",4
1266,"TRBV4","TRBJ2-7","CASREGGSEQYF",18
1267,"TRBV16","TRBJ1-6","CASSLGQNSPLYF",3
1268,"TRBV13-1","TRBJ2-5","CASSDERGGTQYF",3
1269,"TRBV13-2","TRBJ2-7","CASGDIEEQYF",4
1270,"TRBV13-3","TRBJ2-3","CASSDRGLAETLYF",37
1271,"TRBV1","TRBJ2-1","CTCSVRDSLYAEQFF",7
1272,"TRBV13-2","TRBJ2-1","CASGDTRDAEQFF",3
1273,"TRBV13-2","TRBJ2-5","CASGHRDDTQYF",3
1274,"TRBV13-1","TRBJ2-7","CASSDRDWGYEQYF",76
1275,"TRBV4","TRBJ1-4","CASSFRQGSNERLFF",3
1276,"TRBV16","TRBJ2-4","CASSPGTNQNTLYF",10
1277,"TRBV29","TRBJ2-1","CASSKQGRYAEQFF",8
1278,"TRBV14","TRBJ2-5","CASSAGTGGADTQYF",3
1279,"TRBV31","TRBJ2-3","CAWSPGAQAETLYF",90
1280,"TRBV31","TRBJ1-4","CAWSSGTPNERLFF",3
1281,"TRBV20","TRBJ2-3","CGANWGSAETLYF",3
1282,"TRBV31","TRBJ1-3","CAWSGQGAGNTLYF",4
1283,"TRBV13-2","TRBJ2-7","CASGDAWVSYEQYF",4
1284,"TRBV17","TRBJ2-3","CASSRENRDRGAETLYF",5
1285,"TRBV31","TRBJ1-1","CAWGGQGATEVFF",17
1286,"TRBV31","TRBJ2-2","CAWDRNTGQLYF",48
1287,"TRBV31","TRBJ2-1","CAWSLAGGDAEQFF",15
1288,"TRBV5","TRBJ2-3","CASSQVGPSAETLYF",4
1289,"TRBV16","TRBJ2-1","CASSLGYAEQFF",5
1290,"TRBV13-3","TRBJ1-4","CASRNRGLDERLFF",6
1291,"TRBV5","TRBJ1-4","CASSPVISNERLFF",13
1292,"TRBV13-2","TRBJ1-5","CASGTTGEDNQAPLF",3
1293,"TRBV19","TRBJ1-3","CASSFTISGNTLYF",5
1294,"TRBV13-2","TRBJ2-5","CASGDALKDTQYF",3
1295,"TRBV1","TRBJ2-7","CTCSARDRDSYEQYF",5
1296,"TRBV4","TRBJ2-4","CASSSLRDREGQNTLYF",6
1297,"TRBV12-2","TRBJ2-7","CASSPLGYEQYF",7
1298,"TRBV19","TRBJ2-1","CASSNLGFNYAEQFF",11
1299,"TRBV13-2","TRBJ1-3","CASGDEDSGNTLYF",5
1300,"TRBV5","TRBJ2-3","CASSQDRERSAETLYF",3
1301,"TRBV13-3","TRBJ2-7","CASSPTGDSYEQYF",6
1302,"TRBV17","TRBJ2-3","CASSRRWGSSAETLYF",4
1303,"TRBV19","TRBJ2-1","CASSIDWGYAEQFF",3
1304,"TRBV13-2","TRBJ2-7","CASGESGGALEQYF",12
1305,"TRBV31","TRBJ2-7","CAWSLSWGTYEQYF",4
1306,"TRBV31","TRBJ2-3","CAWSLLGGAAETLYF",4
1307,"TRBV13-3","TRBJ1-4","CASSDLGGNERLFF",11
1308,"TRBV5","TRBJ2-5","CASSQDPNQDTQYF",7
1309,"TRBV13-3","TRBJ1-1","CASSARDRGNTEVFF",5
1310,"TRBV13-1","TRBJ2-2","CASSDRTNTGQLYF",4
1311,"TRBV12-1","TRBJ2-1","CASSLDYAEQFF",3
1312,"TRBV13-1","TRBJ2-5","CASSDFGGDQDTQYF",6
1313,"TRBV16","TRBJ1-1","CASSLGGQTNTEVFF",4
1314,"TRBV13-2","TRBJ1-4","CASGDDGNSNERLFF",6
1315,"TRBV13-2","TRBJ2-1","CASGAGQNYAEQFF",4
1316,"TRBV14","TRBJ2-2","CASSSRGNTGQLYF",23
1317,"TRBV16","TRBJ1-3","CASSLTGRGNTLYF",3
1318,"TRBV5","TRBJ2-2","CASSQAGDTGQLYF",7
1319,"TRBV29","TRBJ2-4","CASSGTGGSENTLYF",12
1320,"TRBV16","TRBJ2-4","CASSPPGQGNTLYF",3
1321,"TRBV15","TRBJ2-3","CASSLWGGGAETLYF",12
1322,"TRBV31","TRBJ2-5","CAWSRRLGINQDTQYF",3
1323,"TRBV13-1","TRBJ2-1","CASSDRGDAEQFF",12
1324,"TRBV31","TRBJ2-1","CAWSRWGGYAEQFF",14
1325,"TRBV31","TRBJ2-1","CAWSLPGGGAEQFF",4
1326,"TRBV4","TRBJ2-5","CASSRLGNQDTQYF",4
1327,"TRBV4","TRBJ1-5","CASSRQGGGNQAPLF",5
1328,"TRBV13-2","TRBJ1-5","CASEMKNNQTPLF",3
1329,"TRBV31","TRBJ2-5","CAWSLVAGGSQDTQYF",6
1330,"TRBV31","TRBJ2-7","CAWSQRRGEQYF",3
1331,"TRBV29","TRBJ2-7","CASSFGYEQYF",30
1332,"TRBV1","TRBJ2-2","CTCSADAVTGQLYF",3
1333,"TRBV13-2","TRBJ2-7","CASGGLGEQYF",4
1334,"TRBV13-1","TRBJ1-2","CASSEGHPNSDYTF",264
1335,"TRBV14","TRBJ2-7","CASSFRGGAYEQYF",3
1336,"TRBV12-2","TRBJ1-2","CASSLDRSGGNSDYTF",4
1337,"TRBV19","TRBJ2-3","CASSIPTGTETLYF",4
1338,"TRBV29","TRBJ1-6","CASSPGQNNSPLYF",14
1339,"TRBV14","TRBJ1-1","CASSLKNTEVFF",3
1340,"TRBV15","TRBJ2-5","CASSLGGAQDTQYF",11
1341,"TRBV13-2","TRBJ2-5","CASGGGGADTQYF",3
1342,"TRBV29","TRBJ2-2","CASSLKGRDTGQLYF",3
1343,"TRBV5","TRBJ2-3","CASSRDWGGLTSAETLYF",374
1344,"TRBV2","TRBJ1-6","CASSQDQTGRNSPLYF",5
1345,"TRBV13-2","TRBJ1-5","CASGGTNQAPLF",27
1346,"TRBV13-2","TRBJ2-4","CASGDDGENTLYF",15
1347,"TRBV16","TRBJ2-1","CASSRTGVNYAEQFF",325
1348,"TRBV13-1","TRBJ2-3","CASSDGDWGAETLYF",4
1349,"TRBV13-3","TRBJ2-7","CASSDDGTEYEQYF",4
1350,"TRBV13-1","TRBJ1-2","CASSPRANSDYTF",3
1351,"TRBV13-2","TRBJ2-4","CASGAGTGDTLYF",31
1352,"TRBV12-2","TRBJ2-4","CASSRTGGGQNTLYF",52
1353,"TRBV29","TRBJ2-5","CASSSPGQGKGTQYF",4
1354,"TRBV5","TRBJ2-2","CASSPTGTSYTGQLYF",3
1355,"TRBV4","TRBJ2-1","CASASGTGGARAEQFF",24
1356,"TRBV13-1","TRBJ1-2","CASSKNANSDYTF",5
1357,"TRBV5","TRBJ2-2","CASSTRGLTGQLYF",131
1358,"TRBV13-3","TRBJ2-7","CASTRDWGSSYEQYF",8
1359,"TRBV29","TRBJ2-4","CASSSSRDRKNTLYF",3
1360,"TRBV14","TRBJ2-7","CASSYTGGRVEQYF",3
1361,"TRBV13-3","TRBJ2-3","CASSGTTKGETLYF",8
1362,"TRBV13-3","TRBJ1-4","CASSGRTDNERLFF",3
1363,"TRBV16","TRBJ2-2","CASSLVGGTGQLYF",5
1364,"TRBV1","TRBJ2-1","CTCSADGMGAEQFF",3
1365,"TRBV1","TRBJ2-1","CTCSGGTGHAEQFF",5
1366,"TRBV13-2","TRBJ1-4","CASGGTGADERLFF",36
1367,"TRBV14","TRBJ2-7","CASSLGTGYEQYF",3
1368,"TRBV2","TRBJ2-3","CASSQDWGGAETLYF",4
1369,"TRBV16","TRBJ1-1","CASSLGGANTEVFF",3
1370,"TRBV13-3","TRBJ1-1","CASSEGQGASNTEVFF",7
1371,"TRBV13-2","TRBJ2-3","CASGDAGPGAETLYF",3
1372,"TRBV2","TRBJ1-3","CASSQERDRNSGNTLYF",3
1373,"TRBV15","TRBJ2-5","CASSLGTGQDTQYF",4
1374,"TRBV16","TRBJ1-2","CASSSGQNSDYTF",3
1375,"TRBV13-1","TRBJ1-4","CASSDGQGANERLFF",5
1376,"TRBV29","TRBJ1-4","CASSITGSERLFF",4
1377,"TRBV31","TRBJ2-7","CAWSLLWTDEQYF",11
1378,"TRBV14","TRBJ2-1","CASSPDYAEQFF",3
1379,"TRBV13-3","TRBJ2-1","CASRTGFAEQFF",103
1380,"TRBV13-3","TRBJ2-3","CASSELGGGETLYF",3
1381,"TRBV5","TRBJ2-3","CASSQTGTGGPAETLYF",3
1382,"TRBV13-2","TRBJ2-5","CASGEPGQQDTQYF",20
1383,"TRBV13-2","TRBJ2-5","CASGDDGAQDTQYF",77
1384,"TRBV4","TRBJ2-7","YASSPGTGGSYEQYF",3
1385,"TRBV13-2","TRBJ2-5","CASGVWGNQDTQYF",4
1386,"TRBV4","TRBJ1-4","CASSYTGGSNERLFF",11
1387,"TRBV13-2","TRBJ2-7","CASGGLGGRYEQYF",11
1388,"TRBV12-1","TRBJ2-4","CASSLGGAGNTLYF",3
1389,"TRBV29","TRBJ2-5","CASRDRADTQYF",5
1390,"TRBV20","TRBJ2-5","CGARDGTGEDTQYF",3
1391,"TRBV20","TRBJ2-4","CGARAQGSQNTLYF",10
1392,"TRBV16","TRBJ1-3","CASSLGGSGNTLYF",5
1393,"TRBV13-2","TRBJ1-1","CASGDWQVGTEVFF",3
1394,"TRBV31","TRBJ2-4","CAWRLGQNTLYF",51
1395,"TRBV13-2","TRBJ1-3","CASDGQGAGNTLYF",4
1396,"TRBV31","TRBJ1-5","CAWRLGQNQAPLF",18
1397,"TRBV31","TRBJ1-5","CAWSLWGSNQAPLF",5
1398,"TRBV13-2","TRBJ1-5","CASGGDQAPLF",4
1399,"TRBV13-1","TRBJ1-6","CASSDAPAGGYNSPLYF",3
1400,"TRBV1","TRBJ2-3","CTCRGSAETLYF",3
1401,"TRBV13-2","TRBJ2-3","CASGPSAETLYF",6
1402,"TRBV4","TRBJ2-1","CASSPWGNYAEQFF",11
1403,"TRBV1","TRBJ1-1","CTCSADPRNTEVFF",3
1404,"TRBV5","TRBJ1-1","CASSPQGNTEVFF",8
1405,"TRBV13-2","TRBJ2-5","CASGDARGQDTQYF",3
1406,"TRBV13-2","TRBJ2-5","CASGDVTQYF",10
1407,"TRBV14","TRBJ1-5","CASSFRDRGPAPLF",4
1408,"TRBV20","TRBJ1-2","CGARGGNSDYTF",5
1409,"TRBV5","TRBJ2-7","CASSQQGFYEQYF",5
1410,"TRBV5","TRBJ2-7","CASSHLTESSYEQYF",17
1411,"TRBV14","TRBJ1-4","CASSPTGKGLFF",3
1412,"TRBV16","TRBJ1-2","CASSLGDKNSDYTF",3
1413,"TRBV17","TRBJ2-3","CASSSLGSAETLYF",8
1414,"TRBV29","TRBJ2-5","CASSLGGAQDTQYF",3
1415,"TRBV13-2","TRBJ2-3","CASGGYWGGRAETLYF",10
1416,"TRBV13-1","TRBJ2-3","CASRDNETLYF",8
1417,"TRBV16","TRBJ1-4","RASSRWTGGNERLFF",3
1418,"TRBV12-2","TRBJ2-5","CASSPQGAQDTQYF",3
1419,"TRBV13-1","TRBJ1-1","CASSDVGTTNTEVFF",11
1420,"TRBV16","TRBJ2-2","CASSSTSNTGQLYF",8
1421,"TRBV15","TRBJ1-4","CASSTGTFSNERLFF",7
1422,"TRBV15","TRBJ2-7","CASSLGTDYEQYF",4
1423,"TRBV1","TRBJ1-5","CTCSARDGNQAPLF",22
1424,"TRBV5","TRBJ2-1","CASSQDGLGGNYAEQFF",15
1425,"TRBV13-2","TRBJ1-3","CASGGGQGNGNTLYF",3
1426,"TRBV5","TRBJ2-3","CASTLLGGAETLYF",9
1427,"TRBV5","TRBJ2-7","CASSQDDRTYEQYF",17
1428,"TRBV20","TRBJ1-1","CGARDSSANTEVFF",3
1429,"TRBV12-2","TRBJ2-5","CASSRGSNQDTQYF",3
1430,"TRBV1","TRBJ1-1","CTCSGPGTEVFF",9
1431,"TRBV5","TRBJ2-4","CASSQEGSQNTLYF",19
1432,"TRBV31","TRBJ2-1","CAWSLAGGRAEQFF",3
1433,"TRBV31","TRBJ2-3","CAWRRKGGAETLYF",12
1434,"TRBV13-3","TRBJ2-1","CASSDGTGGNYAEQFF",58
1435,"TRBV14","TRBJ2-7","CASRQGQGGEQYF",3
1436,"TRBV12-2","TRBJ1-6","CASSPGQNNSPLYF",3
1437,"TRBV13-2","TRBJ2-4","CASGDQGSQNTLYF",33
1438,"TRBV16","TRBJ2-7","CASSLDWGPSYEQYF",11
1439,"TRBV1","TRBJ2-2","CTCSAAANTGQLYF",3
1440,"TRBV13-3","TRBJ2-7","CASSDGGLSYEQYF",3
1441,"TRBV13-1","TRBJ1-3","CASSDAEGAGNTLYF",6
1442,"TRBV16","TRBJ1-1","CASMAGANTEVFF",6
1443,"TRBV1","TRBJ2-7","CTCSGAGTGYEQYF",14
1444,"TRBV13-1","TRBJ2-4","CASSKSSQNTLYF",4
1445,"TRBV31","TRBJ2-7","CAWSPDWGGEQYF",3
1446,"TRBV13-2","TRBJ2-4","CASGDWGEEQNTLYF",3
1447,"TRBV13-1","TRBJ2-4","CASSDLGASQNTLYF",23
1448,"TRBV13-2","TRBJ2-1","CASGDHRDWGNYAEQFF",3
1449,"TRBV13-2","TRBJ2-7","CASGTGTGDHEQYF",4
1450,"TRBV17","TRBJ1-4","CASSTGFSNERLFF",6
1451,"TRBV12-1","TRBJ2-5","CASSLGGSQDTQYF",3
1452,"TRBV19","TRBJ1-4","CASSTTNERLFF",5
1453,"TRBV13-3","TRBJ2-5","CASRDSQDTQYF",34
1454,"TRBV2","TRBJ1-6","CASSRDRIGNSPLYF",3
1455,"TRBV12-1","TRBJ1-4","CASSPSGDERLFF",3
1456,"TRBV12-2","TRBJ2-5","CASSLGPQDTQYF",11
1457,"TRBV3","TRBJ1-4","CASSLDGNERLFF",8
1458,"TRBV19","TRBJ2-5","CASSIGDTQYF",12
1459,"TRBV5","TRBJ2-5","CASSQGVNQDTQYF",14
1460,"TRBV13-1","TRBJ2-4","CASSDVTGPSQNTLYF",3
1461,"TRBV5","TRBJ2-2","CASSQGPNTGQLYF",32
1462,"TRBV2","TRBJ2-5","CASSQDRDREDTQYF",4
1463,"TRBV31","TRBJ2-7","CAWSLEYEQYF",4
1464,"TRBV13-1","TRBJ2-4","CASTSGGSQNTLYF",3
1465,"TRBV13-2","TRBJ2-3","CASGGSSAETLYF",7
1466,"TRBV13-2","TRBJ1-1","CASGGQTEVFF",4
1467,"TRBV16","TRBJ1-2","CASSFTGNSDYTF",7
1468,"TRBV13-1","TRBJ2-3","CASSDDRSSAETLYF",12
1469,"TRBV5","TRBJ1-4","CASSHGRGERLFF",3
1470,"TRBV1","TRBJ2-1","CTCSADAFYAEQFF",3
1471,"TRBV3","TRBJ2-1","CASSVRDWGYAEQFF",23
1472,"TRBV29","TRBJ2-3","CASTQGYAETLYF",6
1473,"TRBV13-1","TRBJ2-5","CASSDGGAEQDTQYF",5
1474,"TRBV1","TRBJ2-5","CTCSGGQDTQYF",4
1475,"TRBV13-1","TRBJ2-7","CASTQGAHEQYF",3
1476,"TRBV31","TRBJ2-1","CAWSLTGGYAEQFF",13
1477,"TRBV16","TRBJ1-1","CASSLDREVFF",7
1478,"TRBV5","TRBJ2-2","CASSQDPGGPGQLYF",98
1479,"TRBV13-3","TRBJ2-5","CASSESDQDTQYF",5
1480,"TRBV1","TRBJ2-3","CTCSADPGEGSAETLYF",3
1481,"TRBV16","TRBJ1-5","CASSMDNNNQAPLF",9
1482,"TRBV29","TRBJ2-5","CASSLSRGRQDTQYF",3
1483,"TRBV31","TRBJ1-2","CAWSLGDNSDYTF",6
1484,"TRBV15","TRBJ2-5","CASSLALLLDTQYF",4
1485,"TRBV13-2","TRBJ2-7","CASGDAGRGYEQYF",3
1486,"TRBV29","TRBJ2-7","CASSFRDYEQYF",3
1487,"TRBV20","TRBJ1-2","CGARPRGDSDYTF",4
1488,"TRBV19","TRBJ2-5","CASSRLGEEDTQYF",6
1489,"TRBV5","TRBJ2-5","CASSQETGGTQDTQYF",3
1490,"TRBV31","TRBJ1-2","CAWSLGGGSDYTF",23
1491,"TRBV13-1","TRBJ2-2","CASRLGDTGQLYF",37
1492,"TRBV12-2","TRBJ2-5","CASSLEGTGVDTQYF",3
1493,"TRBV13-1","TRBJ1-4","CASSDPTESNERLFF",7
1494,"TRBV5","TRBJ2-3","CASSQDLGGTSAETLYF",3
1495,"TRBV13-2","TRBJ2-4","CASGDVGDNTLYF",5
1496,"TRBV13-3","TRBJ2-1","CASIGLGGRAEQFF",12
1497,"TRBV29","TRBJ2-5","CASSLSGGQDTQYF",29
1498,"TRBV13-1","TRBJ2-5","CASSDRLQDTQYF",29
1499,"TRBV13-2","TRBJ1-6","CASGGQGAGNSPLYF",3
1500,"TRBV16","TRBJ2-2","CASRDSANTGQLYF",19
1501,"TRBV12-2","TRBJ2-5","CASSSGVQDTQYF",4
1502,"TRBV14","TRBJ1-4","CASSSQANERLFF",3
1503,"TRBV2","TRBJ2-7","SASSQDWGGYEQYF",3
1504,"TRBV31","TRBJ2-3","CAWSRDWGSAETLYF",4
1505,"TRBV14","TRBJ2-7","CASSLRDEQYF",3
1506,"TRBV13-2","TRBJ2-5","CASGDAGWGQDTQYF",3
1507,"TRBV12-2","TRBJ1-4","CASSLSSNERLFF",3
1508,"TRBV14","TRBJ2-2","CASSSGQGAGTGQLYF",3
1509,"TRBV16","TRBJ2-5","CASSLAQQDTQYF",50
1510,"TRBV16","TRBJ1-1","CASSLGTNTEVFF",151
1511,"TRBV5","TRBJ2-5","CASSQGGDTQYF",90
1512,"TRBV12-1","TRBJ2-3","CASSQGQPETLYF",155
1513,"TRBV13-1","TRBJ2-5","CASSTGGRDTQYF",3
1514,"TRBV31","TRBJ1-1","CAWSQGANTEVFF",47
1515,"TRBV12-1","TRBJ2-7","CASSRGTGVYEQYF",3
1516,"TRBV29","TRBJ1-2","CASRSNSDYTF",31
1517,"TRBV29","TRBJ1-5","CASSLSTDNQAPLF",6
1518,"TRBV13-2","TRBJ2-3","CASGDAAGGRAETLYF",21
1519,"TRBV16","TRBJ2-1","CASSLDNGVGAEQFF",9
1520,"TRBV1","TRBJ2-5","CTCSAHPGGNQDTQYF",3
1521,"TRBV13-1","TRBJ2-5","CASSDGGGQDTQYF",4
1522,"TRBV5","TRBJ2-5","CASSQETGGWDTQYF",3
1523,"TRBV13-3","TRBJ1-6","CASSDGTGGYNSPLYF",3
1524,"TRBV13-3","TRBJ2-7","CASTSDRDEQYF",3
1525,"TRBV13-2","TRBJ1-3","CASGDRGISGNTLYF",4
1526,"TRBV14","TRBJ2-5","CASRLDRGQDTQYF",3
1527,"TRBV14","TRBJ2-2","CASSPGTANTGQLYF",41
1528,"TRBV16","TRBJ2-5","CASSSRLGGQDTQYF",10
1529,"TRBV13-2","TRBJ1-2","CASDDGNSDYTF",4
1530,"TRBV13-2","TRBJ2-7","CASGPGQHYEQYF",4
1531,"TRBV31","TRBJ1-6","CAWSLNRGRNSPLYF",25
1532,"TRBV29","TRBJ1-1","CASSSGTGATEVFF",5
1533,"TRBV13-3","TRBJ2-5","CASSDVGAGDTQYF",3
1534,"TRBV31","TRBJ2-7","CAWRGWEQYF",3
1535,"TRBV14","TRBJ2-1","CASRSQRDAEQFF",24
1536,"TRBV17","TRBJ2-4","CASSVDWGGQNTLYF",50
1537,"TRBV5","TRBJ1-2","CASSQDTPGSDYTF",10
1538,"TRBV13-1","TRBJ2-4","CASSDESGSQNTLYF",19
1539,"TRBV13-2","TRBJ1-4","CASGHREASNERLFF",4
1540,"TRBV15","TRBJ2-5","CASSLGQGFKDTQYF",4
1541,"TRBV13-2","TRBJ2-4","CASGDPRGRKNTLYF",3
1542,"TRBV12-1","TRBJ2-3","CASSPLGMSAETLYF",3
1543,"TRBV13-2","TRBJ2-4","CASGARGALYF",8
1544,"TRBV5","TRBJ1-1","CASSPGQATEVFF",3
1545,"TRBV20","TRBJ2-3","CGARDPRVETLYF",3
1546,"TRBV15","TRBJ1-3","CASSLGNSGNTLYF",4
1547,"TRBV16","TRBJ1-2","CASSLDRGNSDYTF",3
1548,"TRBV31","TRBJ1-4","CAWSLGANERLFF",3
1549,"TRBV1","TRBJ2-7","CTCSAHRDEQYF",3
1550,"TRBV5","TRBJ1-1","CASSNTNTEVFF",3
1551,"TRBV31","TRBJ2-4","CVWQTSQNTLYF",3
1552,"TRBV16","TRBJ2-3","CASSLQGSAETLYF",5
1553,"TRBV13-2","TRBJ2-5","CASGGLQDTQYF",5
1554,"TRBV13-3","TRBJ2-5","CASSDVWGFQDTQYF",8
1555,"TRBV14","TRBJ1-1","CASSLPGKDTEVFF",3
1556,"TRBV31","TRBJ2-3","CAWSPTGTSAETLYF",3
1557,"TRBV13-2","TRBJ1-2","CASGDRGANSDYTF",6
1558,"TRBV3","TRBJ2-4","CASSRDRGNTLYF",10
1559,"TRBV5","TRBJ2-1","CASSPRDWGAEQFF",22
1560,"TRBV4","TRBJ2-5","CASSRDSQDTQYF",46
1561,"TRBV19","TRBJ1-6","CASSTGNSYNSPLYF",3
1562,"TRBV31","TRBJ1-1","CAWSRDKNTEVFF",3
1563,"TRBV13-1","TRBJ1-2","CASPTGTGDSDYTF",3
1564,"TRBV2","TRBJ2-3","CASSQDPSSAETLYF",3
1565,"TRBV5","TRBJ1-3","CASSQQGASGNTLYF",3
1566,"TRBV4","TRBJ1-1","CASSYRGHTEVFF",4
1567,"TRBV14","TRBJ2-4","CASSFGRVIQNTVYF",3
1568,"TRBV5","TRBJ1-5","CASSHRDNNNQAPLF",20
1569,"TRBV13-2","TRBJ2-7","CASGDRDISYEQYF",3
1570,"TRBV5","TRBJ1-5","CASSQTGADNQAPLF",4
1571,"TRBV16","TRBJ2-3","CASSFDWGASAETLYF",13
1572,"TRBV13-3","TRBJ1-1","CASSLQSTEVFF",21
1573,"TRBV31","TRBJ1-1","CASPGGGATEVFF",24
1574,"TRBV14","TRBJ2-7","CASRRLGGNEQYF",3
1575,"TRBV13-3","TRBJ2-4","CASSGTGDGYTLYF",4
1576,"TRBV16","TRBJ1-4","CASSLGSGFSNERLFF",4
1577,"TRBV14","TRBJ1-1","CASSSAGTGVTEVFF",25
1578,"TRBV1","TRBJ2-1","CTCSADLWGGYAEQFF",6
1579,"TRBV12-1","TRBJ2-4","CASSLDSQNTLYF",3
1580,"TRBV31","TRBJ2-1","CAWSPPGLTYAEQFF",3
1581,"TRBV13-1","TRBJ1-5","CASSEQGQAPLF",6
1582,"TRBV13-2","TRBJ2-3","CASGAGGAAETLYF",3
1583,"TRBV13-1","TRBJ1-4","CASSDGTGGNERLFF",3
1584,"TRBV5","TRBJ2-4","CASSQGLGESQNTLYF",4
1585,"TRBV13-1","TRBJ2-5","CASSDAFGQDTQYF",4
1586,"TRBV15","TRBJ2-5","CASSSNNQDTQYF",10
1587,"TRBV13-1","TRBJ2-7","CASSDGGEQYF",4
1588,"TRBV13-2","TRBJ2-7","CASGDAGTGGAYEQYF",67
1589,"TRBV19","TRBJ2-4","CASSILGGTSQNTLYF",4
1590,"TRBV23","TRBJ2-4","CSSSQWTGVQNTLYF",3
1591,"TRBV13-2","TRBJ1-3","CASGPDRSYSGNTLYF",3
1592,"TRBV5","TRBJ2-1","CASSPPGGGPEQFF",3
1593,"TRBV3","TRBJ2-7","CARREQYF",3
1594,"TRBV1","TRBJ2-7","CTCSSDIYEQYF",15
1595,"TRBV4","TRBJ1-6","CASSSYSYNSPLYF",7
1596,"TRBV14","TRBJ1-4","CASTALSNERLFF",3
1597,"TRBV14","TRBJ2-4","CASSGQHQNTLYF",22
1598,"TRBV13-1","TRBJ2-1","CASSDDWDNYAEQFF",5
1599,"TRBV17","TRBJ2-3","CASRPGQGGAETLYF",3
1600,"TRBV1","TRBJ2-4","CTCSAGGPQNTLYF",11
1601,"TRBV13-2","TRBJ2-1","CASGLDWSGRYAEQFF",3
1602,"TRBV13-2","TRBJ1-2","CASGGTGANSDYTF",3
1603,"TRBV14","TRBJ2-2","CASRRPGQTNTGQLYF",7
1604,"TRBV13-1","TRBJ2-7","CASSPGLGGYEQYF",3
1605,"TRBV1","TRBJ2-4","CTCSAEEGGQNTLYF",3
1606,"TRBV20","TRBJ1-2","CGASGQGDSDYTF",3
1607,"TRBV13-2","TRBJ1-5","CASGAQAPLF",5
1608,"TRBV13-3","TRBJ2-4","CASSDSNQNTLYF",3
1609,"TRBV13-2","TRBJ1-1","CASGEWEVFF",3
1610,"TRBV13-2","TRBJ1-5","CASAGTGGRAPLF",3
1611,"TRBV5","TRBJ1-1","CASSQAGANTEVFF",3
1612,"TRBV5","TRBJ2-1","CASSLGGEAEQFF",9
1613,"TRBV20","TRBJ2-7","CGARVRGEQYF",22
1614,"TRBV13-1","TRBJ2-7","CASSDGGYEQYF",3
1615,"TRBV20","TRBJ1-1","CGARQQNTEVFF",3
1616,"TRBV14","TRBJ1-4","CASSSRDRVNERLFF",6
1617,"TRBV13-1","TRBJ1-3","CASSDGQNSGNTLYF",3
1618,"TRBV13-3","TRBJ2-1","CASRTGTNAEQFF",4
1619,"TRBV2","TRBJ1-4","CASSQKIGQTFSNERLFF",3
1620,"TRBV13-1","TRBJ2-3","CASSDWGSETLYF",3
1621,"TRBV13-1","TRBJ1-3","CASSDAPGRTGNTLYF",3
1622,"TRBV31","TRBJ2-5","CAWSQTGGRDTQYF",5
1623,"TRBV19","TRBJ2-5","CASKTGGQDTQYF",4
1624,"TRBV5","TRBJ2-1","CASSRDWGDYAEQFF",3
1625,"TRBV4","TRBJ2-2","CASSHRGANTGQLYF",9
1626,"TRBV31","TRBJ2-5","CAWSLGGGWDTQYF",4
1627,"TRBV5","TRBJ2-5","CASSRLRVQDTQYF",3
1628,"TRBV15","TRBJ2-2","CASSHWGANTGQLYF",3
1629,"TRBV13-2","TRBJ2-7","CASGPGLGAYEQYF",18
1630,"TRBV5","TRBJ2-3","CASSQDPSAETLYF",10
1631,"TRBV14","TRBJ1-4","CASSFGGDERLFF",3
1632,"TRBV31","TRBJ2-3","CAWSRRDWGNAETLYF",7
1633,"TRBV17","TRBJ1-4","CASSGTANERLFF",5
1634,"TRBV1","TRBJ2-7","CTCSALLDEQYF",3
1635,"TRBV13-3","TRBJ2-1","CASSDDTNYAEQFF",14
1636,"TRBV4","TRBJ2-4","CASSWDRGNTLYF",4
1637,"TRBV19","TRBJ2-3","CASSRLGPSAETLYF",3
1638,"TRBV13-2","TRBJ1-3","CASGDNSSGNTLYF",8
1639,"TRBV31","TRBJ1-6","CAWSLNSPLYF",3
1640,"TRBV14","TRBJ2-1","CASSLGHNYAEQFF",10
1641,"TRBV16","TRBJ2-5","CASSDRGKDTQYF",3
1642,"TRBV29","TRBJ2-7","CASRGREQYF",10
1643,"TRBV13-1","TRBJ1-1","CASSDAGENTEVFF",3
1644,"TRBV13-3","TRBJ2-4","CASSPGSQNTLYF",33
1645,"TRBV16","TRBJ2-2","CASSLTGAGQLYF",3
1646,"TRBV19","TRBJ2-4","CASSHGTVQNTLYF",3
1647,"TRBV13-1","TRBJ2-4","CASSDGNRGESQNTLYF",3
1648,"TRBV14","TRBJ2-7","CASSLSDRGREQYF",8
1649,"TRBV1","TRBJ1-1","CTCSEGTGGANTEVFF",8
1650,"TRBV13-2","TRBJ1-1","CASGDASGQANTEVFF",7
1651,"TRBV13-2","TRBJ2-7","CASGLSGVYEQYF",37
1652,"TRBV13-1","TRBJ1-1","CASSDLASEVFF",7
1653,"TRBV13-2","TRBJ1-2","CASGDADSDYTF",20
1654,"TRBV16","TRBJ1-2","CASSLGGARSDYTF",3
1655,"TRBV1","TRBJ1-5","CTCSAEQGYNNQAPLF",3
1656,"TRBV1","TRBJ1-1","CTCSAWDSRNTEVFF",5
1657,"TRBV5","TRBJ1-6","CASSQDSYNSPLYF",7
1658,"TRBV31","TRBJ2-1","CAWSRDWGHYAEQFF",16
1659,"TRBV13-2","TRBJ1-3","CASGPGRAGNTLYF",17
1660,"TRBV13-2","TRBJ2-7","CASGDAGLGWYEQYF",3
1661,"TRBV15","TRBJ2-5","CASSLAGAQDTQYF",5
1662,"TRBV14","TRBJ2-7","CASSSDWGVYEQYF",3
1663,"TRBV13-2","TRBJ1-4","CASGGTVLSNERLFF",5
1664,"TRBV5","TRBJ1-4","CASSQNRADERLFF",5
1665,"TRBV13-2","TRBJ2-7","CASGDGGFEQYF",21
1666,"TRBV31","TRBJ2-3","CAWSLDWGSLYF",3
1667,"TRBV15","TRBJ2-2","CASSFHANTGQLYF",3
1668,"TRBV13-2","TRBJ2-5","CASGDLWGGAEDTQYF",3
1669,"TRBV19","TRBJ1-2","CASSMDSDYTF",9
1670,"TRBV13-1","TRBJ2-5","CASSGDWGQDTQYF",5
1671,"TRBV16","TRBJ2-7","CASSSTGTGGDEQYF",4
1672,"TRBV12-1","TRBJ2-2","CASSLETGGGTGQLYF",5
1673,"TRBV13-2","TRBJ2-4","CASGNWGSQNTLYF",10
1674,"TRBV5","TRBJ2-7","CASSQEPYWARSYEQYF",4
1675,"TRBV1","TRBJ1-1","CTCTARGGTEVFF",3
1676,"TRBV1","TRBJ2-7","CTCSAGGGALEQYF",20
1677,"TRBV13-3","TRBJ2-5","CASSDAPWVNQDTQYF",10
1678,"TRBV29","TRBJ1-1","CASSLLGQNTEVFF",5
1679,"TRBV3","TRBJ1-1","CASSVTVEVFF",3
1680,"TRBV16","TRBJ1-2","CASSLDGTANSDYTF",5
1681,"TRBV16","TRBJ2-3","CASSLTQGSETLYF",5
1682,"TRBV13-2","TRBJ2-7","CASGGTGGYEQYF",3
1683,"TRBV15","TRBJ2-2","CASSFANTGQLYF",22
1684,"TRBV13-2","TRBJ1-5","CASGDEGNQAPLF",8
1685,"TRBV14","TRBJ2-3","CASSFWGDAETLYF",3
1686,"TRBV31","TRBJ2-3","CAWRPTGASAETLYF",3
1687,"TRBV13-2","TRBJ1-4","CASGDAGGPNERLFF",3
1688,"TRBV3","TRBJ2-7","CASATGYSYEQYF",3
1689,"TRBV26","TRBJ1-2","CASSLFVNSDYTF",13
1690,"TRBV16","TRBJ2-7","CASSLRQDYEQYF",7
1691,"TRBV13-2","TRBJ2-2","CASGGTGTNTGQLYF",23
1692,"TRBV13-3","TRBJ1-3","CASNTDSGNTLYF",20
1693,"TRBV15","TRBJ2-7","CASRRLGYEQYF",4
1694,"TRBV5","TRBJ2-4","CASSHDPSQNTLYF",4
1695,"TRBV13-3","TRBJ2-7","CASSDRGSYEQYF",4
1696,"TRBV2","TRBJ2-4","CASSRQQGNTLYF",6
1697,"TRBV17","TRBJ2-2","CASSRRGLDTGQLYF",4
1698,"TRBV13-1","TRBJ2-1","CASSHRGGAEQFF",5
1699,"TRBV29","TRBJ2-1","CASSSTGGDNYAEQFF",3
1700,"TRBV1","TRBJ1-2","CTCSAAREDSDYTF",28
1701,"TRBV14","TRBJ2-4","CASSFSGTGQNTLYF",7
1702,"TRBV4","TRBJ2-5","CASSRWGGADTQYF",22
1703,"TRBV20","TRBJ2-1","CGASPGNAEQFF",15
1704,"TRBV1","TRBJ1-2","CTCSAGPPGTANSDYTF",10
1705,"TRBV4","TRBJ1-3","CASSFLRASGNTLYF",3
1706,"TRBV13-1","TRBJ2-5","CASPDRRQDTQYF",3
1707,"TRBV5","TRBJ2-1","CASSTGNNYAEQFF",5
1708,"TRBV26","TRBJ2-4","CASSQGSQNTLYF",30
1709,"TRBV4","TRBJ2-3","CASSPQGVAETLYF",3
1710,"TRBV29","TRBJ1-4","CASSLRTTNERLFF",15
1711,"TRBV5","TRBJ2-7","CASSQPGLGYEQYF",3
1712,"TRBV15","TRBJ2-7","CASSPGDSYEQYF",11
1713,"TRBV16","TRBJ1-3","CASSSGQGAGNTLYF",12
1714,"TRBV5","TRBJ2-3","CASSQVSRGGAETLYF",3
1715,"TRBV31","TRBJ1-5","CAWSLPGGNQAPLF",15
1716,"TRBV13-2","TRBJ2-7","CASGDEGALSYEQYF",5
1717,"TRBV16","TRBJ2-5","CASSLVWNQDTQYF",45
1718,"TRBV13-3","TRBJ2-3","CASRDWTSAETLYF",6
1719,"TRBV1","TRBJ1-6","CTCSARDYNSPLYF",3
1720,"TRBV17","TRBJ2-2","CASSSTGPDTGQLYF",6
1721,"TRBV31","TRBJ1-4","CAWSLGQNNERLFF",3
1722,"TRBV5","TRBJ2-1","CASSQELGGAEQFF",3
1723,"TRBV4","TRBJ1-3","CASSATGDGNTLYF",3
1724,"TRBV14","TRBJ2-4","CASSLYRGLSQNTLYF",21
1725,"TRBV13-1","TRBJ2-1","CASSDSVYAEQFF",34
1726,"TRBV1","TRBJ2-1","CTCSRDWGIYAEQFF",8
1727,"TRBV13-3","TRBJ2-1","CASSPPGLGGAYAEQFF",4
1728,"TRBV16","TRBJ1-4","CASSSTGGNERLFF",28
1729,"TRBV16","TRBJ2-7","CASSLWYEQYF",7
1730,"TRBV16","TRBJ2-7","CASSLTRAWEQYF",4
1731,"TRBV13-3","TRBJ1-3","CASSGGQNSGNTLYF",9
1732,"TRBV31","TRBJ2-7","CAWSLENYEQYF",14
1733,"TRBV13-2","TRBJ2-3","CASGDVGGAETLYF",9
1734,"TRBV13-1","TRBJ2-7","CASSGGGYEQYF",11
1735,"TRBV13-1","TRBJ2-4","CASSAASQNTLYF",23
1736,"TRBV2","TRBJ2-7","CASSQDRLGYEQYF",7
1737,"TRBV1","TRBJ1-2","CTCSAARGNSDYTF",3
1738,"TRBV12-1","TRBJ2-7","CANSLGGREQYF",3
1739,"TRBV13-2","TRBJ2-7","CASGGGGSSYEQYF",3
1740,"TRBV13-2","TRBJ2-4","CASGAAGGASQNTLYF",4
1741,"TRBV13-1","TRBJ2-1","CASSDEGLGVAEQFF",14
1742,"TRBV1","TRBJ2-1","CTCSAGQGGAEQFF",3
1743,"TRBV31","TRBJ2-5","CAWSLWGDPDTQYF",3
1744,"TRBV1","TRBJ2-4","CTCSAGGAGSQNTLYF",3
1745,"TRBV13-2","TRBJ2-3","CASGEPGQGAPETLYF",55
1746,"TRBV16","TRBJ2-4","CASSAGTKNTLYF",27
1747,"TRBV14","TRBJ2-4","CASSFWGLNTLYF",31
1748,"TRBV4","TRBJ1-6","CASSLTGVNSPLYF",4
1749,"TRBV14","TRBJ2-1","CASSMGYNYAEQFF",4
1750,"TRBV1","TRBJ2-3","CTCSAASRGGAETLYF",3
1751,"TRBV5","TRBJ2-7","CASSPGLGGFEQYF",5
1752,"TRBV13-2","TRBJ2-4","CASGPWGDQNTLYF",3
1753,"TRBV16","TRBJ2-4","CASSFGGAVDQNTLYF",3
1754,"TRBV13-1","TRBJ2-5","CASSDVRTGGRDTQYF",3
1755,"TRBV13-2","TRBJ1-5","CASGDRGNQAPLF",3
1756,"TRBV31","TRBJ2-2","CAWSPRTGGDTGQLYF",4
1757,"TRBV13-2","TRBJ2-3","CASGEGGQAETLYF",11
1758,"TRBV29","TRBJ2-4","CASSLNQNTLYF",3
1759,"TRBV13-3","TRBJ2-7","CASSDAHYEQYF",3
1760,"TRBV29","TRBJ2-4","CASRGAQNTLYF",16
1761,"TRBV14","TRBJ1-1","CASSQGQGYTEVFF",3
1762,"TRBV5","TRBJ1-6","CASSPDIYNSPLYF",23
1763,"TRBV5","TRBJ2-1","CASSQVGHHAEQFF",30
1764,"TRBV1","TRBJ1-1","CTCSAGQNTEVFF",5
1765,"TRBV13-1","TRBJ1-4","CASSLDANERLFF",33
1766,"TRBV16","TRBJ1-1","CASSFPGGGNTEVFF",5
1767,"TRBV31","TRBJ2-5","CAWSLPGGFDQDTQYF",3
1768,"TRBV13-1","TRBJ2-3","CASSGNWGGTAETLYF",105
1769,"TRBV1","TRBJ2-1","CTCSAGSYAEQFF",7
1770,"TRBV13-2","TRBJ2-3","CASGDLGAAETLYF",3
1771,"TRBV4","TRBJ1-1","CASSYWTGYTEVFF",16
1772,"TRBV13-3","TRBJ2-7","CASSDWQYEQYF",3
1773,"TRBV31","TRBJ2-7","CAWSWNWGGVEQYF",64
1774,"TRBV5","TRBJ1-1","CASSQQGKEVFF",4
1775,"TRBV13-1","TRBJ1-4","CASSGQGFNERLFF",506
1776,"TRBV15","TRBJ1-4","CASSSDSSNERLFF",3
1777,"TRBV29","TRBJ2-1","CASSSPTGRFAEQFF",3
1778,"TRBV20","TRBJ2-2","CGAGQGNTGQLYF",9
1779,"TRBV16","TRBJ2-5","CASSSRTEDTQYF",142
1780,"TRBV15","TRBJ1-1","CASSLGTEVFF",14
1781,"TRBV29","TRBJ2-3","CASSSTGGARAETLYF",4
1782,"TRBV14","TRBJ2-4","CASSPGQQNTLYF",30
1783,"TRBV13-2","TRBJ2-1","CASGEGQNYAEQFF",4
1784,"TRBV13-3","TRBJ2-7","CASTGLGGDEQYF",45
1785,"TRBV31","TRBJ2-7","CAWSLTGHEQYF",4
1786,"TRBV15","TRBJ2-7","CASSPDRGREQYF",3
1787,"TRBV1","TRBJ2-5","CTCSAGDRDTQYF",3
1788,"TRBV13-1","TRBJ2-3","CASSDGGSAETLYF",232
1789,"TRBV31","TRBJ2-5","CAWSSTGVDTQYF",16
1790,"TRBV16","TRBJ1-1","CASSAWDNTEVFF",4
1791,"TRBV5","TRBJ1-1","CASSQQGDTEVFF",4
1792,"TRBV13-2","TRBJ2-5","CASGDGGGQDTQYF",5
1793,"TRBV13-2","TRBJ1-1","CASVGHSNTEVFF",12
1794,"TRBV19","TRBJ2-1","CASSIARGAAEQFF",3
1795,"TRBV16","TRBJ2-5","CASSLEPGVNQDTQYF",8
1796,"TRBV20","TRBJ2-1","CGARPGLGGYAEQFF",24
1797,"TRBV29","TRBJ1-1","CASSLRQGSTEVFF",3
1798,"TRBV13-2","TRBJ2-2","CASGEVTGAGTGQLYF",3
1799,"TRBV14","TRBJ2-5","CASSTGTGGDTQYF",3
1800,"TRBV13-3","TRBJ2-5","CASSDLGSQDTQYF",12
1801,"TRBV15","TRBJ1-2","CASSLGTSNSDYTF",3
1802,"TRBV5","TRBJ1-1","CASSQKANTEVFF",6
1803,"TRBV20","TRBJ1-1","CGASLTENTEVFF",3
1804,"TRBV5","TRBJ2-3","CASSHDPDSAETLYF",13
1805,"TRBV13-1","TRBJ2-3","CASSGYWGGAETLYF",7
1806,"TRBV13-2","TRBJ2-5","CASGDPRGDTQYF",5
1807,"TRBV30","TRBJ2-5","CSSRDHNQDTQYF",4
1808,"TRBV16","TRBJ2-4","CASSGDRGRQNTLYF",19
1809,"TRBV13-2","TRBJ1-5","CASGERGDNQAPLF",3
1810,"TRBV13-1","TRBJ2-4","CASSERTGDTLYF",3
1811,"TRBV5","TRBJ2-4","CASSQVGGQGDTLYF",18
1812,"TRBV31","TRBJ2-7","CAWSRGYEQYF",34
1813,"TRBV14","TRBJ2-7","CASSSGTGYEQYF",4
1814,"TRBV3","TRBJ2-7","CASSSDWGGSYEQYF",10
1815,"TRBV12-1","TRBJ2-2","CASSLGTGATGQLYF",4
1816,"TRBV20","TRBJ2-4","CGVRQGMANTLYF",35
1817,"TRBV13-2","TRBJ2-7","CASGKDWGFSYEQYF",3
1818,"TRBV13-1","TRBJ2-7","CASSEGGLGSSYEQYF",12
1819,"TRBV3","TRBJ2-7","CASSPQGYEQYF",4
1820,"TRBV14","TRBJ2-3","CASSFYNAETLYF",3
1821,"TRBV13-1","TRBJ2-4","CASSDAGASQNTLYF",3
1822,"TRBV13-2","TRBJ2-5","CASGDGQGRDTQYF",13
1823,"TRBV13-1","TRBJ2-5","CASRLGGRDQDTQYF",3
1824,"TRBV29","TRBJ2-3","CASSLRTGDALYF",8
1825,"TRBV16","TRBJ2-4","CASSLDEGAQGQNTLYF",8
1826,"TRBV13-2","TRBJ1-2","CASGDPGASDYTF",3
1827,"TRBV31","TRBJ2-7","CACPGQIYEQYF",12
1828,"TRBV15","TRBJ2-4","CASSSPGTQNTLYF",4
1829,"TRBV13-3","TRBJ2-1","CASSEVDNYAEQFF",6
1830,"TRBV15","TRBJ1-1","CASSLQGAVTEVFF",3
1831,"TRBV5","TRBJ1-6","CASSQDPDSYNSPLYF",6
1832,"TRBV31","TRBJ2-4","CAWSLGLGRGQNTLYF",12
1833,"TRBV31","TRBJ2-5","CAWRGGQDTQYF",40
1834,"TRBV31","TRBJ2-7","CAWSRQRYEQYF",454
1835,"TRBV3","TRBJ2-1","CASSLMRLGGEQFF",5
1836,"TRBV16","TRBJ2-7","CASSFPGLGYEQYF",7
1837,"TRBV13-2","TRBJ2-4","CASGEDNQNTLYF",3
1838,"TRBV13-2","TRBJ1-6","CASGDRGGNSPLYF",4
1839,"TRBV13-1","TRBJ1-1","CASSDAGEHTEVFF",4
1840,"TRBV31","TRBJ1-2","CAWSLGRANSDYTF",19
1841,"TRBV31","TRBJ2-5","CAWSLGRPQDTQYF",66
1842,"TRBV1","TRBJ2-7","CTCSALAYEQYF",25
1843,"TRBV13-3","TRBJ1-6","CASSVENSYNSPLYF",12
1844,"TRBV1","TRBJ1-6","CTCSTDYNSPLYF",9
1845,"TRBV13-1","TRBJ2-4","CASSDRDQNTLYF",29
1846,"TRBV15","TRBJ2-3","CASSLGRGAETLYF",4
1847,"TRBV5","TRBJ1-6","CASSQDNYNSPLYF",21
1848,"TRBV15","TRBJ2-5","CASSSGEDTQYF",3
1849,"TRBV13-2","TRBJ2-3","CASGGGGPAETLYF",10
1850,"TRBV13-2","TRBJ2-7","CASGDRDKYEQYF",3
1851,"TRBV12-1","TRBJ2-5","CASSPDWGNQDTQYF",8
1852,"TRBV12-2","TRBJ2-1","CASSLGGGGAEQFF",4
1853,"TRBV13-3","TRBJ2-3","CASSTGPSAETLYF",10
1854,"TRBV29","TRBJ1-6","CASSLKGQGYNSPLYF",3
1855,"TRBV13-2","TRBJ2-3","CASGEGWGGASAETLYF",6
1856,"TRBV3","TRBJ2-1","CASSFGWYAEQFF",5
1857,"TRBV4","TRBJ1-1","CASRDRIEVFF",3
1858,"TRBV3","TRBJ2-7","CASSDRDRGYGQYF",4
1859,"TRBV14","TRBJ1-1","CASSFSRNTEVFF",28
1860,"TRBV13-1","TRBJ2-1","CASSEYAEQFF",3
1861,"TRBV29","TRBJ2-7","CASSFRVGGASSYEQYF",4
1862,"TRBV19","TRBJ1-1","CASSLQGGGTEVFF",12
1863,"TRBV31","TRBJ2-5","CAWSVWGNQDTQYF",59
1864,"TRBV13-3","TRBJ1-6","CASRDRNSPLYF",3
1865,"TRBV13-3","TRBJ2-7","CASKTGGYEQYF",9
1866,"TRBV1","TRBJ2-7","CTCSAQGAYEQYF",5
1867,"TRBV13-2","TRBJ2-5","CASGPSGYQDTQYF",7
1868,"TRBV14","TRBJ1-1","CASRNRTEVFF",24
1869,"TRBV13-2","TRBJ1-3","CASGVRDNGNTLYF",3
1870,"TRBV31","TRBJ2-3","CAWALTGGASAETLYF",9
1871,"TRBV16","TRBJ2-2","CASSLEWGGNTGQLYF",3
1872,"TRBV16","TRBJ2-2","CASSSGQGSTGQLYF",3
1873,"TRBV13-1","TRBJ1-2","CASSDAPGQKNSDYTF",4
1874,"TRBV5","TRBJ2-2","CASSHRDINTGQLYF",3
1875,"TRBV1","TRBJ2-4","CTCSAEGGGEGTLYF",33
1876,"TRBV1","TRBJ2-5","CTCSAQGNTQYF",9
1877,"TRBV5","TRBJ2-4","CASSQDWGVQNTLYF",3
1878,"TRBV14","TRBJ1-3","CASSFVDSGNTLYF",4
1879,"TRBV29","TRBJ2-4","CASSFGQENTLYF",11
1880,"TRBV13-3","TRBJ2-7","CASSEVSGEQYF",4
1881,"TRBV3","TRBJ2-3","CASSRRDRGRETLYF",15
1882,"TRBV13-3","TRBJ2-3","CASSGQGSETLYF",5
1883,"TRBV3","TRBJ2-4","CASSLDSQNTLYF",3
1884,"TRBV17","TRBJ2-3","CASSRQGAAETLYF",3
1885,"TRBV20","TRBJ1-2","CGAREGVSDYTF",7
1886,"TRBV3","TRBJ2-7","CASSPSRDYEQYF",5
1887,"TRBV12-1","TRBJ2-1","CASSLGWGGAEQFF",3
1888,"TRBV3","TRBJ1-4","CASSSPPNERLFF",3
1889,"TRBV13-1","TRBJ1-4","CASRPGHLNERLFF",3
1890,"TRBV17","TRBJ2-4","CASSPRGQNTLYF",8
1891,"TRBV13-1","TRBJ1-4","CASSAGTANERLFF",3
1892,"TRBV13-1","TRBJ1-4","CASSEQNERLFF",67
1893,"TRBV20","TRBJ2-1","CGATGTVNYAEQFF",3
1894,"TRBV31","TRBJ2-7","CAWRRRDSYEQYF",25
1895,"TRBV4","TRBJ2-3","CASSLGLGGLNAETLYF",53
1896,"TRBV3","TRBJ1-4","CASSSGQGSNERLFF",3
1897,"TRBV13-3","TRBJ2-2","CASSVQGDTGQLYF",3
1898,"TRBV31","TRBJ1-1","CAWRHRDREVFF",14
1899,"TRBV13-2","TRBJ1-4","CASGDARQDSNERLFF",3
1900,"TRBV14","TRBJ1-3","CASSFYLGGPSGNTLYF",4
1901,"TRBV13-1","TRBJ2-5","CASSEPGQQDTQYF",3
1902,"TRBV4","TRBJ1-2","CASSRDRANSDYTF",61
1903,"TRBV13-2","TRBJ2-3","CASGDAGGRGAETLYF",3
1904,"TRBV13-2","TRBJ2-5","CASGEINQDTQYF",7
1905,"TRBV13-2","TRBJ2-5","CASGGTNQDTQYF",10
1906,"TRBV4","TRBJ2-3","CASSYWGGETLYF",9
1907,"TRBV17","TRBJ2-5","CASSRDWGAQDTQYF",6
1908,"TRBV13-1","TRBJ2-5","CASSDLTGGNQDTQYF",26
1909,"TRBV31","TRBJ2-5","CAWSLQGDQDTQYF",14
1910,"TRBV29","TRBJ2-3","CASSSGGGAETLYF",10
1911,"TRBV13-1","TRBJ1-3","CASSPWNSGNTLYF",7
1912,"TRBV20","TRBJ2-1","CGASEDWGGYAEQFF",4
1913,"TRBV13-2","TRBJ1-1","CASGGTGANTEVFF",5
1914,"TRBV1","TRBJ2-3","CTCSASASAETLYF",5
1915,"TRBV16","TRBJ2-7","CASSLEGWGDDEQYF",5
1916,"TRBV13-1","TRBJ2-3","CASSDVSSAETLYF",3
1917,"TRBV1","TRBJ2-1","CTCSAGWGGYAEQFF",12
1918,"TRBV29","TRBJ2-3","CASSLGETLYF",3
1919,"TRBV5","TRBJ1-5","CASSQQGGNQAPLF",3
1920,"TRBV13-2","TRBJ2-4","CASGGTGENTLYF",3
1921,"TRBV15","TRBJ2-4","CASSVGASQNTLYF",3
1922,"TRBV1","TRBJ2-1","CTYRSGSNYAEQFF",3
1923,"TRBV5","TRBJ2-7","CASSQDGYEQYF",7
1924,"TRBV13-3","TRBJ2-4","CASSDLDNSQNTLYF",7
1925,"TRBV31","TRBJ1-1","CAWGGQGVAEVFF",9
1926,"TRBV15","TRBJ2-7","CASSFPGNEQYF",4
1927,"TRBV13-2","TRBJ2-7","CASGGPGLGIYEQYF",5
1928,"TRBV5","TRBJ1-6","CASSLTGPNSPLYF",4
1929,"TRBV17","TRBJ2-7","CASSSRDRQYF",4
1930,"TRBV1","TRBJ1-6","CTCSAQYNSPLYF",56
1931,"TRBV5","TRBJ2-5","CASSQAPGGQDTQYF",4
1932,"TRBV29","TRBJ2-2","CASSPDRFANTGQLYF",3
1933,"TRBV29","TRBJ1-4","CASSLVSDERLFF",4
1934,"TRBV29","TRBJ2-3","CASSFATSAETLYF",4
1935,"TRBV5","TRBJ2-7","CASSQPGLGGREQYF",32
1936,"TRBV15","TRBJ2-2","CASSFGGGRNTGQLYF",13
1937,"TRBV3","TRBJ2-5","CASSRRGGQDTQYF",5
1938,"TRBV15","TRBJ2-1","CASRVGNYAEQFF",52
1939,"TRBV31","TRBJ2-1","CAWSPGGDYAEQFF",3
1940,"TRBV12-1","TRBJ1-3","CASSLGVSGNTLYF",11
1941,"TRBV13-1","TRBJ1-3","CASSDRGPFSGNTLYF",7
1942,"TRBV15","TRBJ2-7","CASSRDYYEQYF",8
1943,"TRBV29","TRBJ1-1","CASGGQSNTEVFF",34
1944,"TRBV20","TRBJ1-2","CGARRGSDYTF",8
1945,"TRBV29","TRBJ1-4","CASSRGNNERLFF",12
1946,"TRBV13-1","TRBJ1-1","CASSDARRGTEVFF",8
1947,"TRBV31","TRBJ2-5","CAWSLVGNNQDTQYF",25
1948,"TRBV5","TRBJ2-5","CASSQDGDWGGNQDTQYF",3
1949,"TRBV5","TRBJ2-3","CASSQEGSAETLYF",4
1950,"TRBV29","TRBJ2-5","CASRDREKDTQYF",14
1951,"TRBV13-3","TRBJ2-7","CASSDRGLYEQYF",3
1952,"TRBV13-2","TRBJ2-7","CASGRLGSSYEQYF",354
1953,"TRBV31","TRBJ2-2","CAWSLARANTGQLYF",4
1954,"TRBV16","TRBJ2-7","CASSFDWGGVDEQYF",3
1955,"TRBV13-3","TRBJ1-4","CASSLGQGNERLFF",4
1956,"TRBV31","TRBJ2-5","CAWSLGEADTQYF",4
1957,"TRBV20","TRBJ2-1","CGARTGNYAEQFF",4
1958,"TRBV15","TRBJ2-1","CASSLILDAEQFF",5
1959,"TRBV14","TRBJ2-3","CASRTSGTGMETLYF",3
1960,"TRBV17","TRBJ2-7","CASSRALQGWEQYF",3
1961,"TRBV29","TRBJ1-1","CASRGQKTNTEVFF",3
1962,"TRBV17","TRBJ2-7","CASSRDRDWTYEQYF",6
1963,"TRBV14","TRBJ2-3","CASSFSQGAETLYF",3
1964,"TRBV29","TRBJ2-1","CASSLGGSYAEQFF",3
1965,"TRBV3","TRBJ2-7","CASSSDWGGAYEQYF",4
1966,"TRBV31","TRBJ2-7","CAWSRGVYEQYF",3
1967,"TRBV13-2","TRBJ2-5","CASGDAGGAGDTQYF",3
1968,"TRBV19","TRBJ2-3","CASGQGAETLYF",6
1969,"TRBV5","TRBJ2-2","CASSQDAGQATGQLYF",18
1970,"TRBV5","TRBJ1-1","CASRGPGTEVFF",20
1971,"TRBV3","TRBJ1-2","CASSFRTTNSDYTF",3
1972,"TRBV3","TRBJ2-7","CASSLFVGETYEQYF",7
1973,"TRBV16","TRBJ2-5","CASSLGGVDTQYF",7
1974,"TRBV13-2","TRBJ2-7","CASGDAAGGAGEQYF",4
1975,"TRBV1","TRBJ2-5","CTCSAAGHQDTQYF",3
1976,"TRBV13-2","TRBJ2-7","CASGDTGGAYEQYF",26
1977,"TRBV14","TRBJ1-1","CASKRTGLNTEVFF",10
1978,"TRBV5","TRBJ2-7","CASSQASSYEQYF",467
1979,"TRBV19","TRBJ2-3","CASKTGASAETLYF",3
1980,"TRBV19","TRBJ1-3","CASRRQGTGNTLYF",4
1981,"TRBV20","TRBJ2-1","CGARDWGDGAEQFF",12
1982,"TRBV2","TRBJ1-1","CASSQDKQGEVFF",23
1983,"TRBV13-3","TRBJ2-7","CASSDMGYEQYF",3
1984,"TRBV13-2","TRBJ2-1","CASGDGWGVAEQFF",3
1985,"TRBV31","TRBJ2-5","CAWSLRGFQDTQYF",8
1986,"TRBV16","TRBJ2-1","CASSLRTEYAEQFF",3
1987,"TRBV5","TRBJ2-5","CASSQLGRDQDTQYF",5
1988,"TRBV19","TRBJ1-1","CASTHRVANTEVFF",4
1989,"TRBV1","TRBJ2-1","CTCSADGVRAEQFF",3
1990,"TRBV1","TRBJ2-7","CTCSGKGGSYEQYF",8
1991,"TRBV13-2","TRBJ2-1","CASEGQNAEQFF",8
1992,"TRBV2","TRBJ1-3","CASSQERGGTGNTLYF",3
1993,"TRBV29","TRBJ2-5","CASSSGQGEDTQYF",3
1994,"TRBV13-2","TRBJ1-3","CASGDGSGNTLYF",15
1995,"TRBV13-3","TRBJ2-1","CASSDTGGNYAEQFF",26
1996,"TRBV13-3","TRBJ1-1","CASSDPDRGDTEVFF",3
1997,"TRBV1","TRBJ1-1","CTCSADPRGQVFF",3
1998,"TRBV13-1","TRBJ2-4","SASSEGGDRTSQNTLYF",3
1999,"TRBV13-2","TRBJ1-1","CASGGLGQGTNTEVFF",3
